candidate_priority_rank,rank,district_name,admin_name,admin_code,hex_id,primary_reason,vulnerability_m3_final,demand_index_final,access_cost_m0,access_cost_m3,registered_population,registered_senior_population,centroid_x,centroid_y,candidate_node_id,candidate_snap_distance_m,candidate_x,candidate_y,nearest_bus_stop_m,nearest_bus_stop_id,nearest_bus_stop_name,nearest_bus_passengers_sum,bus_stop_count_300m,bus_stop_count_400m,nearest_road_m,nearest_road_name,nearest_road_highway,nearest_road_edge_length_m,recommended_action,site_feasibility,manual_check_required,manual_check_items
1,6,노원구,중계2·3동,11110780,8930e1c2337ffff,high_demand_plus_near_400m_distance,0.0700549866980964,0.39490020547929505,366.2627693911319,388.6397346615837,3478.6213207288647,938.4310585592737,961764.4290627666,1960427.5593193043,7153105653,91.78984282521145,961798.2958243404,1960342.245676161,52.0079612819721,110000284,서울시립북서울미술관후문,33132.0,11,18,3.7487827255074814e-07,,service,255.93960033445214,access_route_improvement_review,manual_review_required,True,road_width_waiting_space; bus_route_accessible_road; stop_spacing; crossing_and_sidewalk_connection; alternative_access_route
2,95,노원구,상계9동,11110730,8930e1c21b3ffff,high_demand_plus_near_400m_distance,0.04684625582703342,0.2654357339567296,359.32557577943976,391.06447090154256,3242.761881630652,720.6326761478696,961266.5578429103,1963202.8962462633,4701037707,36.30685311105654,961299.3361927614,1963187.2831951885,60.98307241894481,110900131,청원고등학교후문,76283.0,9,17,3.023224750350986e-07,,footway,81.96848753219055,stop_relocation_or_pedestrian_connection_review,manual_review_required,True,road_width_waiting_space; bus_route_accessible_road; stop_spacing; crossing_and_sidewalk_connection; alternative_access_route
3,35,도봉구,도봉2동,11100650,8930e1d5673ffff,high_demand_plus_near_400m_distance,0.05436773753530244,0.2889676415214479,385.45482547112374,415.71265118403556,2066.6779178009097,641.9532633330965,960025.3293655138,1965304.6626141057,4665541844,54.41338880166614,960079.3880267089,1965298.459547874,243.1582518637162,109900025,도봉파크빌3단지,4901.0,7,14,1.2582532522213266e-07,,service,74.4595974329041,stop_relocation_or_pedestrian_connection_review,manual_review_required,True,road_width_waiting_space; bus_route_accessible_road; stop_spacing; crossing_and_sidewalk_connection; alternative_access_route
4,59,강남구,도곡2동,11230670,8930e1c85dbffff,high_demand_plus_near_400m_distance,0.05054599995800594,0.27067410073908005,387.33313439572055,413.50420367911966,3081.996584983638,547.0608168730541,960536.755837284,1943191.9697780982,3989642814,10.114319981332672,960545.3856169728,1943197.2448488283,257.6958530520285,122000222,우성캐릭터빌아파트,227868.0,3,9,3.517611517998577e-08,,"['footway', 'steps']",55.600944367630156,stop_relocation_or_pedestrian_connection_review,manual_review_required,True,road_width_waiting_space; bus_route_accessible_road; stop_spacing; crossing_and_sidewalk_connection; alternative_access_route
5,67,성북구,종암동,11080840,8930e1c33b3ffff,high_demand_plus_near_400m_distance,0.04936129589076682,0.2733324391520643,372.7829786789012,399.75221665637747,2513.242767458122,510.3662240997136,959115.675333939,1955781.990715704,7018937873,4.310518304974077,959118.8980125636,1955784.8533911204,176.34333849970636,107000040,종암SK아파트,154844.0,5,13,2.6421867385239776e-07,,service,157.96291483943344,access_route_improvement_review,manual_review_required,True,road_width_waiting_space; bus_route_accessible_road; stop_spacing; crossing_and_sidewalk_connection; alternative_access_route
6,103,도봉구,방학3동,11100570,8930e1c2477ffff,high_demand_plus_near_400m_distance,0.04621763816135742,0.2877470744686251,325.9469881563721,354.94157937484306,3217.22068906469,807.3944456389795,958427.4510149773,1962390.8589128435,4776237056,47.976448051325534,958379.5146576175,1962392.819833724,29.977940203898758,109900029,신동아아파트16동,68308.0,18,27,4.7156289044269745e-07,,service,125.13078645357879,stop_relocation_or_pedestrian_connection_review,manual_review_required,True,road_width_waiting_space; bus_route_accessible_road; stop_spacing; crossing_and_sidewalk_connection; alternative_access_route
7,129,동대문구,이문2동,11060900,8930e1c005bffff,high_demand_plus_near_400m_distance,0.04449325297042485,0.2725907411720303,338.9906321484471,361.34208448002784,2618.6190634620116,559.4358673415022,961887.9150565504,1955651.631033542,9776883116,39.48249820417016,961849.3816806128,1955643.02599994,52.135418577051965,105000558,한천로입구,65814.0,8,12,3.9012793931807167e-07,,footway,220.5300828117748,stop_relocation_or_pedestrian_connection_review,manual_review_required,True,road_width_waiting_space; bus_route_accessible_road; stop_spacing; crossing_and_sidewalk_connection; alternative_access_route
8,17,강동구,성내2동,11250660,8930e1cf4abffff,high_demand_plus_near_400m_distance,0.06183251114226606,0.3521488117030754,357.17836637643296,385.75348384384324,3220.471242484264,685.3992525063888,966944.8288129842,1948492.1231891494,3856514157,16.037596329527215,966930.0768376748,1948498.4147486144,264.53589364465813,124000028,천호역6번출구,771924.0,3,11,1.9190405604073888e-07,풍성로35길,residential,45.06309129851963,stop_relocation_or_pedestrian_connection_review,conditional_manual_road_width_review,True,road_width_waiting_space; bus_route_accessible_road; stop_spacing; crossing_and_sidewalk_connection; alternative_access_route
9,204,송파구,풍납1동,11240510,8930e1cf487ffff,near_400m_distance,0.039837195129870884,0.23022393245603395,354.0886456415961,385.4729359967107,2043.0524026517996,545.8739295426706,966508.3437589309,1948879.9638179946,3853478063,15.938192233393737,966492.6441215072,1948877.2165727504,115.61372566863298,123000022,풍납토성.천호역10번출구,702875.0,3,7,1.9641817065608386e-07,바람드리15길,residential,28.246999909067842,stop_relocation_or_pedestrian_connection_review,conditional_manual_road_width_review,True,road_width_waiting_space; bus_route_accessible_road; stop_spacing; crossing_and_sidewalk_connection; alternative_access_route
10,208,강남구,도곡2동,11230670,8930e1c84abffff,near_400m_distance,0.039693678149138746,0.22930769937883452,357.8694994857353,385.6811985873745,3032.6828245950987,542.3208082244349,960056.2347205715,1942953.2562352978,3741376627,24.532650793913536,960031.7337907898,1942952.0090806128,129.6126336166035,122000544,매봉역입구,546639.0,4,9,4.4054088140101056e-07,,service,106.472094719674,stop_relocation_or_pedestrian_connection_review,manual_review_required,True,road_width_waiting_space; bus_route_accessible_road; stop_spacing; crossing_and_sidewalk_connection; alternative_access_route
11,144,송파구,잠실2동,11240790,8930e1ca857ffff,near_400m_distance,0.043678067914950366,0.24409796121693983,370.9763010778915,397.70234499740315,2564.689226208742,348.48825891565616,963051.8072152697,1945952.6931721426,2650141074,51.93047820497753,963101.3953745596,1945968.1135815028,91.15667799579619,123000053,잠실엘스아파트앞,1244507.0,4,5,6.641184342339132e-07,,residential,59.490772831776496,access_route_improvement_review,conditional_manual_road_width_review,True,road_width_waiting_space; bus_route_accessible_road; stop_spacing; crossing_and_sidewalk_connection; alternative_access_route
12,149,마포구,용강동,11140590,8930e1d82b7ffff,near_400m_distance,0.04325589664036438,0.2279746423222844,392.6048830500591,422.8512658463562,2421.89320788123,378.0933900381173,950799.1226747243,1949524.5411159047,8386126462,8.868979746488142,950798.16607525,1949515.7238760197,199.2827132957801,113900092,대흥세양아파트,17497.0,7,23,1.7511087547588138e-07,,service,8.298639221882882,stop_relocation_or_pedestrian_connection_review,manual_review_required,True,road_width_waiting_space; bus_route_accessible_road; stop_spacing; crossing_and_sidewalk_connection; alternative_access_route
13,56,관악구,신원동,11210650,8930e1d9267ffff,high_demand_plus_near_400m_distance,0.05127406042571111,0.2731453607909871,382.77348748922236,415.536761594038,2564.3733400287056,523.1858359386574,949156.1861517366,1942669.0891804663,4370508461,18.350747359986435,949150.0887375176,1942651.78104745,287.0353174151238,120900170,봉림교,833123.0,2,17,5.300956607522591e-07,남부순환로170길,residential,24.0986267614027,stop_relocation_or_pedestrian_connection_review,conditional_manual_road_width_review,True,road_width_waiting_space; bus_route_accessible_road; stop_spacing; crossing_and_sidewalk_connection; alternative_access_route
14,27,동대문구,이문2동,11060900,8930e1c00cbffff,high_demand_plus_near_400m_distance,0.05578048590356596,0.3333392212789951,342.27741287137064,368.1749808435634,2600.2570837157855,601.3018386489364,961692.1886253261,1956158.7779810983,4654985728,35.344688843061675,961672.0135238954,1956187.7988754965,254.0329466202339,107000107,석관동코오롱아파트,217420.0,3,8,4.7405909461064473e-07,,residential,38.70718431376173,stop_relocation_or_pedestrian_connection_review,conditional_manual_road_width_review,True,road_width_waiting_space; bus_route_accessible_road; stop_spacing; crossing_and_sidewalk_connection; alternative_access_route
15,113,강서구,화곡4동,11160590,8930e0acd83ffff,near_400m_distance,0.04546919048493805,0.24372431548229043,386.23702093169834,414.6699604668822,2266.3779860063773,536.4774827089661,943526.7430382336,1948014.711096953,13671671958,26.239752611023135,943549.0836156775,1948000.9479862377,287.80516864315115,115900229,중앙하이츠빌라,8706.0,3,13,2.7734320554795673e-07,,primary,46.162254576513156,stop_relocation_or_pedestrian_connection_review,desktop_possible_road_proxy,True,road_width_waiting_space; bus_route_accessible_road; stop_spacing; crossing_and_sidewalk_connection; alternative_access_route
16,191,노원구,상계10동,11110740,8930e1c2113ffff,near_400m_distance,0.04054462007269961,0.25064760611557113,336.0735917470771,359.16753757625156,2858.3441255072844,521.143736770044,960981.5238610614,1962455.9557000801,4658197309,12.21437113850248,960993.184466833,1962452.319612162,53.96262911769277,110000082,임광아파트상가,108395.0,8,10,1.611256115826699e-07,,service,131.78469130536328,stop_relocation_or_pedestrian_connection_review,manual_review_required,True,road_width_waiting_space; bus_route_accessible_road; stop_spacing; crossing_and_sidewalk_connection; alternative_access_route
17,161,서초구,반포3동,11220590,8930e1ca617ffff,near_400m_distance,0.042120271594930404,0.25047228114189907,345.18377297270933,373.39641652814987,2464.504519923546,352.0263376558135,956765.7901609496,1945547.478316125,5746496282,26.0139269509603,956766.0035914718,1945573.491367519,55.712731976177004,121000018,반포역,1020366.0,8,10,6.73804732446376e-07,,service,30.43182661595741,stop_relocation_or_pedestrian_connection_review,manual_review_required,True,road_width_waiting_space; bus_route_accessible_road; stop_spacing; crossing_and_sidewalk_connection; alternative_access_route
18,210,노원구,상계8동,11110720,8930e1c2183ffff,near_400m_distance,0.039634932955760344,0.22937806291964227,359.8365033396035,384.9874748753394,2886.427389317626,474.31975076277905,960785.8106290735,1962963.023149104,9497675031,37.41881433087296,960763.7684853649,1962993.2607344352,145.96025266780765,110900043,동일초등학교,27444.0,7,11,4.440787923964336e-07,,footway,64.17763604137143,stop_relocation_or_pedestrian_connection_review,manual_review_required,True,road_width_waiting_space; bus_route_accessible_road; stop_spacing; crossing_and_sidewalk_connection; alternative_access_route
19,233,강남구,대치2동,11230790,8930e1cae4fffff,near_400m_distance,0.038644145713195584,0.2105267134347302,382.2858587741431,410.46659726621783,1856.6809263482692,291.6448718236621,961564.9127730196,1944609.3569103046,8369914343,15.206362986968626,961549.9519381246,1944606.6353492572,100.02769965489207,122000143,래미안하이스턴.대치순복음교회,567611.0,3,8,1.9573812353798546e-07,,service,180.76486063508113,access_route_improvement_review,manual_review_required,True,road_width_waiting_space; bus_route_accessible_road; stop_spacing; crossing_and_sidewalk_connection; alternative_access_route
20,189,양천구,신월2동,11150580,8930e0aeb4fffff,near_400m_distance,0.0405979469231112,0.24093778636123406,347.26492750308296,374.69230980069244,2746.4623404946497,630.6893206362339,942351.9843219224,1947731.061349656,2562954570,39.532312159034056,942391.51612984,1947731.261017887,265.10134073709315,115900225,화곡전화국,27561.0,1,8,7.552245631781528e-08,중앙로57길,residential,168.5977677286989,new_stop_or_access_improvement_review,conditional_manual_road_width_review,True,road_width_waiting_space; bus_route_accessible_road; stop_spacing; crossing_and_sidewalk_connection; alternative_access_route
21,151,송파구,잠실4동,11240750,8930e1ca92bffff,near_400m_distance,0.04296708814540462,0.24299598965541713,360.97612373975517,393.07065929475095,2542.6044087116625,408.19374453204637,965674.7804063621,1946953.8231644793,13591241064,39.32366428655543,965660.849556604,1946990.5965515675,219.23810918965674,123000037,잠실진주아파트,150452.0,4,7,3.497239435241618e-07,,footway,225.4906916437005,stop_relocation_or_pedestrian_connection_review,manual_review_required,True,road_width_waiting_space; bus_route_accessible_road; stop_spacing; crossing_and_sidewalk_connection; alternative_access_route
22,108,송파구,송파1동,11240610,8930e1cabafffff,high_demand_plus_near_400m_distance,0.045712089164109265,0.2753846157982163,338.10457663539273,367.3477762483447,2835.3633586320284,501.65439269812845,965344.8021952012,1945580.5143321378,1809559223,20.137956560397054,965363.815413406,1945573.8784578228,236.89649565165678,123000518,호수임광아파트,75960.0,7,10,1.3208982503660796e-07,백제고분로41길,residential,40.108237981203956,stop_relocation_or_pedestrian_connection_review,conditional_manual_road_width_review,True,road_width_waiting_space; bus_route_accessible_road; stop_spacing; crossing_and_sidewalk_connection; alternative_access_route
23,237,송파구,가락2동,11240670,8930e1cf25bffff,near_400m_distance,0.03855141877703504,0.23776240527437606,335.22902404822685,360.7418294034093,2750.8850050517435,490.9734862058708,967526.9747024623,1943640.6972348387,8883179687,18.578991146533898,967533.4669933688,1943623.289504636,107.01502313711461,123000261,문정시영.가락프라자아파트,110785.0,7,15,5.181214270420849e-07,프라자 아파트 주민 산책로 1,footway,81.31036159131503,stop_relocation_or_pedestrian_connection_review,manual_review_required,True,road_width_waiting_space; bus_route_accessible_road; stop_spacing; crossing_and_sidewalk_connection; alternative_access_route
24,217,노원구,상계10동,11110740,8930e1c2103ffff,near_400m_distance,0.03932118322184959,0.24214865667181523,329.4393579123705,361.0242789979032,2830.843210027726,530.8969031548763,961199.570593542,1962262.3741007303,4662875021,32.97040791224207,961192.2588608336,1962294.5235387145,139.40407068601948,110000083,상계주공7단지,188446.0,7,15,3.3038875485834413e-07,,service,45.43251432079635,stop_relocation_or_pedestrian_connection_review,manual_review_required,True,road_width_waiting_space; bus_route_accessible_road; stop_spacing; crossing_and_sidewalk_connection; alternative_access_route
25,96,강서구,발산1동,11160670,8930e0aed4bffff,high_demand_plus_near_400m_distance,0.04675677912471729,0.27308760778372054,354.03681190398635,379.01052651592977,1386.8824670665292,240.52210220749768,940747.3574925843,1951154.5822853171,5824749339,42.00176295583028,940788.3795663504,1951145.5635517405,198.20628663688439,115000938,마곡역4번출구,172159.0,6,9,2.1236631336179308e-07,,tertiary,9.964926100103797,stop_relocation_or_pedestrian_connection_review,desktop_possible_road_proxy,True,road_width_waiting_space; bus_route_accessible_road; stop_spacing; crossing_and_sidewalk_connection; alternative_access_route
26,205,양천구,신정6동,11150690,8930e0ac99bffff,near_400m_distance,0.03982276784809435,0.24617589114609717,337.51073473540947,359.4226014970944,2663.3417778818166,440.59286549556856,944808.2890872699,1946540.9750821653,4631067768,34.797023308998796,944796.8883063236,1946573.8514418327,148.49513433423314,114000075,삼성아파트정문,55152.0,4,12,3.6415741707800273e-07,,"['residential', 'service']",337.51073473540947,stop_relocation_or_pedestrian_connection_review,conditional_manual_road_width_review,True,road_width_waiting_space; bus_route_accessible_road; stop_spacing; crossing_and_sidewalk_connection; alternative_access_route
27,197,송파구,가락1동,11240660,8930e1cab47ffff,near_400m_distance,0.040131830754075205,0.25279816493146856,328.18875107296026,352.3755344830515,2381.8468328237846,403.09255706297654,964796.7104812264,1944401.3143044407,12373950358,40.389579204841326,964791.0977534464,1944441.3119968143,100.25258014997146,123000096,석촌동남현교회앞,234714.0,3,4,3.3002729025542635e-07,,footway,99.85867461549407,stop_relocation_or_pedestrian_connection_review,manual_review_required,True,road_width_waiting_space; bus_route_accessible_road; stop_spacing; crossing_and_sidewalk_connection; alternative_access_route
28,162,강서구,염창동,11160510,8930e1db0d3ffff,near_400m_distance,0.04210236843855698,0.23266043728453603,370.006081015293,402.95428328667356,3192.3234809103715,434.28657333537274,944856.9599558017,1950488.1408594134,2598208145,4.01123765106766,944855.450995087,1950484.424266208,289.0527120466534,115900002,동아3차아파트,31944.0,3,7,1.1482561980814886e-07,양천로75길,service,81.6995166046533,stop_relocation_or_pedestrian_connection_review,manual_review_required,True,road_width_waiting_space; bus_route_accessible_road; stop_spacing; crossing_and_sidewalk_connection; alternative_access_route
29,557,강남구,개포4동,11230710,8930e1c8433ffff,near_400m_distance,0.030305289575515638,0.16664618500544678,384.0690336796656,411.4611510926828,2252.6921352840354,397.30069779962264,960274.1813909165,1942759.3705792893,3011699093,50.44062329959616,960307.1548536604,1942721.199815169,172.10173084071718,122000259,현대아파트,232911.0,3,7,1.5753286223081734e-07,,service,101.42071925575581,access_route_improvement_review,manual_review_required,True,road_width_waiting_space; bus_route_accessible_road; stop_spacing; crossing_and_sidewalk_connection; alternative_access_route
30,257,강동구,천호2동,11250730,8930e1c1b0bffff,near_400m_distance,0.03767197706662795,0.20140789279313526,390.7949498394896,419.09903958739267,2306.767903591975,471.87921736021815,966816.072806723,1949940.153505289,3844538995,27.13074044746414,966818.1205562494,1949967.2068562664,307.1283036960997,124000057,천호동공원,404229.0,0,7,3.250486412843676e-07,올림픽로91길,residential,27.265778628202654,new_bus_stop_review,conditional_manual_road_width_review,True,road_width_waiting_space; bus_route_accessible_road; stop_spacing; crossing_and_sidewalk_connection; alternative_access_route
31,326,광진구,군자동,11050540,8930e1c1edbffff,near_400m_distance,0.03559514294952248,0.20124818515219245,365.83794443887007,396.32322736073996,1870.9649043764487,313.85147314734223,962687.9315958074,1950608.2848467908,3846713133,15.159227317827616,962695.9461753902,1950595.417497142,132.97704129213494,104000159,능동교회앞,384572.0,8,10,4.151573592176198e-07,능동로,residential,41.020783459515414,access_route_improvement_review,conditional_manual_road_width_review,True,road_width_waiting_space; bus_route_accessible_road; stop_spacing; crossing_and_sidewalk_connection; alternative_access_route
32,378,강남구,대치2동,11230790,8930e1c85b3ffff,near_400m_distance,0.03423293096132456,0.1815761935969008,392.3970580706714,424.5903519430474,1856.6408827377797,291.6385818287131,961542.5923330338,1944296.0579876057,7236467875,32.13783769057122,961572.1587522626,1944308.654315063,222.4574517263546,122000134,은마아파트,408407.0,3,10,2.2691187523986624e-07,,service,18.369731681198537,stop_relocation_or_pedestrian_connection_review,manual_review_required,True,road_width_waiting_space; bus_route_accessible_road; stop_spacing; crossing_and_sidewalk_connection; alternative_access_route
33,125,송파구,잠실6동,11240770,8930e1cabb3ffff,high_demand_plus_near_400m_distance,0.044579801097338154,0.2743682533065044,333.0938574222598,359.620386403474,1344.0175924732569,274.88497248515404,964908.4709277682,1945968.3872684543,8173596261,15.783341288552968,964920.8246058236,1945958.5638016155,143.32411740530608,123000690,잠실역2번출구,34565.0,7,11,2.8812478322250015e-07,,service,51.28966152300926,stop_relocation_or_pedestrian_connection_review,manual_review_required,True,road_width_waiting_space; bus_route_accessible_road; stop_spacing; crossing_and_sidewalk_connection; alternative_access_route
34,316,강남구,수서동,11230750,8930e1c8c33ffff,near_400m_distance,0.035812921983398464,0.2219613726502077,329.73961288075077,359.9747114833131,1403.552714099978,560.410593677151,965165.9592273405,1943073.1764022282,5359377851,20.70198160358666,965156.267181773,1943091.469469085,232.97661282851803,122000718,고속철도수서역,1024158.0,8,11,7.517114856678712e-08,밤고개로5길,residential,129.98232598836353,stop_relocation_or_pedestrian_connection_review,conditional_manual_road_width_review,True,road_width_waiting_space; bus_route_accessible_road; stop_spacing; crossing_and_sidewalk_connection; alternative_access_route
35,614,용산구,한강로동,11030730,8930e1d9dd3ffff,near_400m_distance,0.029173905831107846,0.16051317213594962,384.8209523526299,412.1278276103236,1034.4346708292737,163.2307184786292,952779.8548434817,1948094.9886862906,5878389593,41.47201973904355,952739.9610617976,1948083.656669516,131.9957704921933,102000318,용산역3번출구.용산차고지,36993.0,9,15,4.763213307699608e-07,,service,111.51633640970886,access_route_improvement_review,manual_review_required,True,road_width_waiting_space; bus_route_accessible_road; stop_spacing; crossing_and_sidewalk_connection; alternative_access_route
36,264,광진구,자양4동,11050670,8930e1c134bffff,near_400m_distance,0.03728953264603202,0.21401785931602973,363.9121167785872,389.33548580394665,2095.223380816303,414.12647873933383,961637.0836904419,1948876.4730001388,5725972839,32.69363155216862,961618.6675360831,1948903.4863080203,269.5357483435931,104000123,영동교골목시장,666278.0,2,10,8.555314398800545e-08,동일로18나길,path,19.236748344283335,stop_relocation_or_pedestrian_connection_review,manual_review_required,True,road_width_waiting_space; bus_route_accessible_road; stop_spacing; crossing_and_sidewalk_connection; alternative_access_route
37,308,광진구,자양4동,11050670,8930e1cac8fffff,near_400m_distance,0.036137708992426465,0.20989729689289544,356.92748896497073,385.0462387972418,2095.133398722172,414.10869353889495,961592.4363985395,1948249.7718946226,5711069812,27.971279656952223,961565.6983308716,1948241.557990372,245.44619726710707,104000130,자양4동주민센터앞,76954.0,2,4,1.543645627994048e-07,능동로3다길,footway,71.20307891088855,stop_relocation_or_pedestrian_connection_review,manual_review_required,True,road_width_waiting_space; bus_route_accessible_road; stop_spacing; crossing_and_sidewalk_connection; alternative_access_route
38,528,송파구,잠실7동,11240780,8930e1cae23ffff,near_400m_distance,0.03079479095906061,0.18709239241802794,344.3729652054314,370.1204540669706,1850.3983555583798,484.3922890085908,962330.6230632802,1945594.3019058323,2650120623,36.945034560416886,962367.53421685,1945595.8837784012,218.42954640487778,123000065,잠실종합운동장,1797003.0,1,2,7.387178322483541e-08,올림픽로4길,residential,64.1148177323392,new_stop_or_access_improvement_review,conditional_manual_road_width_review,True,road_width_waiting_space; bus_route_accessible_road; stop_spacing; crossing_and_sidewalk_connection; alternative_access_route
39,252,영등포구,당산1동,11190550,8930e1d9487ffff,near_400m_distance,0.03802302962164296,0.22213295079307038,353.2252238388896,381.8820833518959,2186.5055870648953,374.2804361254286,946964.0640214013,1947614.598813991,8465459443,39.64110894176398,946954.4405018842,1947653.054052779,245.39752109759874,118000083,영등포구청,740906.0,5,13,7.071370174744703e-08,,service,82.35002629570795,stop_relocation_or_pedestrian_connection_review,manual_review_required,True,road_width_waiting_space; bus_route_accessible_road; stop_spacing; crossing_and_sidewalk_connection; alternative_access_route
40,564,강서구,등촌3동,11160540,8930e0ae997ffff,near_400m_distance,0.030126038424261356,0.18989922725393935,332.12763796421643,356.4663845145699,1991.0808496391696,531.6505931792949,942183.2709342039,1951870.7587765614,10651562640,57.25804336401606,942206.8760007962,1951818.5928455235,203.84200481327338,115000951,가양동탑산문화공원,73765.0,9,16,8.542776582209596e-08,,service,34.600436644685566,stop_relocation_or_pedestrian_connection_review,manual_review_required,True,road_width_waiting_space; bus_route_accessible_road; stop_spacing; crossing_and_sidewalk_connection; alternative_access_route
41,368,은평구,진관동,11120710,8930e1d1637ffff,near_400m_distance,0.034490156956122404,0.20942805152298402,343.01313208135855,368.35176179451463,1828.175867430487,345.87019566107534,948788.4335995171,1960298.489267252,4677666784,7.975794369031136,948795.1179924662,1960294.1381539784,178.79145626735897,111000341,래미안909동앞,513410.0,2,4,4.6674590263441405e-07,,service,42.17596840545565,stop_relocation_or_pedestrian_connection_review,manual_review_required,True,road_width_waiting_space; bus_route_accessible_road; stop_spacing; crossing_and_sidewalk_connection; alternative_access_route
42,448,중랑구,중화2동,11070620,8930e1c000bffff,near_400m_distance,0.032320794085420664,0.20348707216047532,331.566580047901,355.7244708761594,2354.752006409954,563.504491873176,962391.0573134806,1956204.5801720587,3739976363,19.930786889103214,962397.4641130028,1956185.707197044,274.34148383548285,106000293,제일시장,47717.0,2,7,1.0917036639106727e-08,중랑천로,secondary,51.027944854577584,stop_relocation_or_pedestrian_connection_review,desktop_possible_road_proxy,True,road_width_waiting_space; bus_route_accessible_road; stop_spacing; crossing_and_sidewalk_connection; alternative_access_route
43,314,금천구,독산3동,11180540,8930e03650fffff,near_400m_distance,0.03585208718878084,0.22508046018368427,328.0855307320815,355.16783992725027,2153.5947016147666,496.15978425668163,947043.9246218794,1942222.0843471712,2828263166,8.309504379941915,947048.6776346592,1942228.9002647584,243.17504839628137,117000061,독산고개,624447.0,4,9,2.5910240612653325e-07,,residential,104.82003925084369,stop_relocation_or_pedestrian_connection_review,conditional_manual_road_width_review,True,road_width_waiting_space; bus_route_accessible_road; stop_spacing; crossing_and_sidewalk_connection; alternative_access_route
44,389,송파구,잠실본동,11240710,8930e1caa87ffff,near_400m_distance,0.0339245105710086,0.1920689740176488,367.2848960703998,396.655672692445,2313.5392943960514,375.32355697596824,962984.8024005762,1945012.6167499474,4186486199,69.1626199243565,962921.3528824174,1944985.0917315057,314.266249938305,123000074,아시아선수촌아파트삼거리.성현교회,699389.0,0,4,3.809165852310147e-07,도곡로62길,residential,117.25374795798756,new_bus_stop_review,conditional_manual_road_width_review,True,road_width_waiting_space; bus_route_accessible_road; stop_spacing; crossing_and_sidewalk_connection; alternative_access_route
45,394,송파구,오금동,11240600,8930e1cf663ffff,near_400m_distance,0.033816620883479476,0.2112014664647957,325.39954061014953,357.9917630539744,2507.0182704510007,537.6607397508515,966939.3462492403,1945163.1468848027,1810765764,45.23385531536325,966959.1630986566,1945203.8088344105,247.49127163597677,123000159,오금역.오금동현대아파트,1328486.0,2,8,9.382061814551541e-08,,service,216.79617648681608,stop_relocation_or_pedestrian_connection_review,manual_review_required,True,road_width_waiting_space; bus_route_accessible_road; stop_spacing; crossing_and_sidewalk_connection; alternative_access_route
46,494,송파구,잠실2동,11240790,8930e1ca877ffff,near_400m_distance,0.03140710480091436,0.20195005520204581,326.15072923725086,348.42112601401595,2632.9779420053237,350.54314424205864,963750.7649718786,1945997.7511057742,4666458066,16.384681377534864,963766.5434035984,1946002.1668589725,138.55863209940776,123000051,잠실리센츠아파트앞,96605.0,6,7,4.0257145456129074e-07,,service,123.17940168784008,stop_relocation_or_pedestrian_connection_review,manual_review_required,True,road_width_waiting_space; bus_route_accessible_road; stop_spacing; crossing_and_sidewalk_connection; alternative_access_route
47,467,강동구,암사2동,11250580,8930e1c1b03ffff,near_400m_distance,0.03203511949537966,0.19797864588175834,335.2829055941776,362.8544946784788,1673.6267965097793,333.0532213953629,966838.4465094975,1950253.6913081515,3844539314,32.9714693594365,966833.374238488,1950221.1123293687,268.7103610723454,124000055,암사역.선사현대아파트,740878.0,4,6,2.5365878114086696e-07,상암로,residential,68.12682287783217,stop_relocation_or_pedestrian_connection_review,conditional_manual_road_width_review,True,road_width_waiting_space; bus_route_accessible_road; stop_spacing; crossing_and_sidewalk_connection; alternative_access_route
48,584,강남구,논현1동,11230520,8930e1ca01bffff,near_400m_distance,0.029706964932561104,0.18726157996865445,324.5737973379208,356.7071814814268,1240.2853998630344,186.44662383057337,958184.2564885621,1945950.6841021944,1326184409,46.59701315882929,958214.0110458396,1945986.5442187104,277.74472618903053,122000015,학동역6번출구,293953.0,1,4,2.1921704616352832e-07,강남대로128길,residential,127.68235161464854,new_stop_or_access_improvement_review,conditional_manual_road_width_review,True,road_width_waiting_space; bus_route_accessible_road; stop_spacing; crossing_and_sidewalk_connection; alternative_access_route
