candidate_priority_rank,district_name,admin_name,hex_id,primary_reason,nearest_bus_stop_m,bus_stop_count_300m,bus_stop_count_400m,nearest_bus_stop_name,nearest_road_name,nearest_road_highway,existing_stop_distance_check,stop_spacing_check,road_width_waiting_space_proxy,bus_route_accessibility_proxy,final_recommendation,review_status,roadview_check_needed,roadview_check_notes,candidate_x,candidate_y,access_cost_m0,access_cost_m3,registered_population,registered_senior_population
1,노원구,중계2·3동,8930e1c2337ffff,high_demand_plus_near_400m_distance,52.0079612819721,11,18,서울시립북서울미술관후문,,service,"기존 정류장이 매우 가까움: 신설보다 접근동선, 횡단, 정류장 위치 조정 우선","300m 내 11개, 400m 내 18개: 공급 밀집, 신설 근거 약함","서비스/단지 내부도로 proxy: 일반 버스 진입 불확실, 인접 차도 검토 필요","후보점 인접 도로는 버스 진입 부적합 가능성, 가장 가까운 기존 정류장/간선도로 연결 검토",정류장 신설보다 접근로 개선 또는 인접 차도 정류장 위치 조정,C_대체안_우선,True,"로드뷰에서 보도폭, 정차 가능 공간, 횡단보도/보행연결, 버스 진입 차로를 확인해야 함",961798.2958243404,1960342.245676161,366.2627693911319,388.6397346615837,3478.6213207288647,938.4310585592737
2,노원구,상계9동,8930e1c21b3ffff,high_demand_plus_near_400m_distance,60.98307241894481,9,17,청원고등학교후문,,footway,"기존 정류장이 매우 가까움: 신설보다 접근동선, 횡단, 정류장 위치 조정 우선","300m 내 9개, 400m 내 17개: 공급 밀집, 신설 근거 약함","보행로/계단 proxy: 정류장 직접 설치 곤란, 인접 차도 또는 보행 연결 개선 검토","후보점 인접 도로는 버스 진입 부적합 가능성, 가장 가까운 기존 정류장/간선도로 연결 검토","정류장 신설보다 보행 연결로 개선: 계단/보행로, 횡단, 우회동선 개선",C_대체안_우선,True,"로드뷰에서 보도폭, 정차 가능 공간, 횡단보도/보행연결, 버스 진입 차로를 확인해야 함",961299.3361927614,1963187.2831951885,359.32557577943976,391.06447090154256,3242.761881630652,720.6326761478696
3,도봉구,도봉2동,8930e1d5673ffff,high_demand_plus_near_400m_distance,243.1582518637162,7,14,도봉파크빌3단지,,service,기존 정류장이 보행권 내: 정류장 간격과 보행 연결성 확인,"300m 내 7개, 400m 내 14개: 공급 밀집, 신설 근거 약함","서비스/단지 내부도로 proxy: 일반 버스 진입 불확실, 인접 차도 검토 필요","후보점 인접 도로는 버스 진입 부적합 가능성, 가장 가까운 기존 정류장/간선도로 연결 검토",정류장 신설보다 접근로 개선 또는 인접 차도 정류장 위치 조정,C_대체안_우선,True,"로드뷰에서 보도폭, 정차 가능 공간, 횡단보도/보행연결, 버스 진입 차로를 확인해야 함",960079.3880267089,1965298.459547874,385.4548254711237,415.7126511840356,2066.6779178009097,641.9532633330965
4,강남구,도곡2동,8930e1c85dbffff,high_demand_plus_near_400m_distance,257.6958530520285,3,9,우성캐릭터빌아파트,,"['footway', 'steps']",기존 정류장까지 다소 멂: 신설 또는 기존 정류장 접근 개선 병행 검토,"300m 내 3개, 400m 내 9개: 주변 공급 있음, 간격/위치 조정 검토","보행로/계단 proxy: 정류장 직접 설치 곤란, 인접 차도 또는 보행 연결 개선 검토","후보점 인접 도로는 버스 진입 부적합 가능성, 가장 가까운 기존 정류장/간선도로 연결 검토","정류장 신설보다 보행 연결로 개선: 계단/보행로, 횡단, 우회동선 개선",C_대체안_우선,True,"로드뷰에서 보도폭, 정차 가능 공간, 횡단보도/보행연결, 버스 진입 차로를 확인해야 함",960545.3856169728,1943197.2448488283,387.33313439572055,413.50420367911966,3081.996584983638,547.0608168730541
5,성북구,종암동,8930e1c33b3ffff,high_demand_plus_near_400m_distance,176.34333849970636,5,13,종암SK아파트,,service,기존 정류장이 보행권 내: 정류장 간격과 보행 연결성 확인,"300m 내 5개, 400m 내 13개: 공급 밀집, 신설 근거 약함","서비스/단지 내부도로 proxy: 일반 버스 진입 불확실, 인접 차도 검토 필요","후보점 인접 도로는 버스 진입 부적합 가능성, 가장 가까운 기존 정류장/간선도로 연결 검토",정류장 신설보다 접근로 개선 또는 인접 차도 정류장 위치 조정,C_대체안_우선,True,"로드뷰에서 보도폭, 정차 가능 공간, 횡단보도/보행연결, 버스 진입 차로를 확인해야 함",959118.8980125636,1955784.8533911204,372.7829786789012,399.7522166563775,2513.242767458122,510.3662240997136
6,도봉구,방학3동,8930e1c2477ffff,high_demand_plus_near_400m_distance,29.97794020389876,18,27,신동아아파트16동,,service,"기존 정류장이 매우 가까움: 신설보다 접근동선, 횡단, 정류장 위치 조정 우선","300m 내 18개, 400m 내 27개: 공급 밀집, 신설 근거 약함","서비스/단지 내부도로 proxy: 일반 버스 진입 불확실, 인접 차도 검토 필요","후보점 인접 도로는 버스 진입 부적합 가능성, 가장 가까운 기존 정류장/간선도로 연결 검토",정류장 신설보다 접근로 개선 또는 인접 차도 정류장 위치 조정,C_대체안_우선,True,"로드뷰에서 보도폭, 정차 가능 공간, 횡단보도/보행연결, 버스 진입 차로를 확인해야 함",958379.5146576175,1962392.819833724,325.9469881563721,354.94157937484306,3217.22068906469,807.3944456389795
7,동대문구,이문2동,8930e1c005bffff,high_demand_plus_near_400m_distance,52.135418577051965,8,12,한천로입구,,footway,"기존 정류장이 매우 가까움: 신설보다 접근동선, 횡단, 정류장 위치 조정 우선","300m 내 8개, 400m 내 12개: 공급 밀집, 신설 근거 약함","보행로/계단 proxy: 정류장 직접 설치 곤란, 인접 차도 또는 보행 연결 개선 검토","후보점 인접 도로는 버스 진입 부적합 가능성, 가장 가까운 기존 정류장/간선도로 연결 검토","정류장 신설보다 보행 연결로 개선: 계단/보행로, 횡단, 우회동선 개선",C_대체안_우선,True,"로드뷰에서 보도폭, 정차 가능 공간, 횡단보도/보행연결, 버스 진입 차로를 확인해야 함",961849.3816806128,1955643.02599994,338.9906321484471,361.34208448002784,2618.619063462012,559.4358673415022
8,강동구,성내2동,8930e1cf4abffff,high_demand_plus_near_400m_distance,264.53589364465813,3,11,천호역6번출구,풍성로35길,residential,기존 정류장까지 다소 멂: 신설 또는 기존 정류장 접근 개선 병행 검토,"300m 내 3개, 400m 내 11개: 주변 공급 있음, 간격/위치 조정 검토",생활도로/이면도로 proxy: 도로폭과 정차 안전성 조건부 확인 필요,주변 버스 공급은 있으나 생활도로라 노선 진입 가능성 조건부,조건부 후보: 생활도로 폭이 부족하면 접근로/보행 연결 개선으로 대체,B_조건부_신설또는접근개선,True,"로드뷰에서 보도폭, 정차 가능 공간, 횡단보도/보행연결, 버스 진입 차로를 확인해야 함",966930.0768376748,1948498.4147486144,357.17836637643296,385.7534838438432,3220.471242484264,685.3992525063888
9,송파구,풍납1동,8930e1cf487ffff,near_400m_distance,115.61372566863298,3,7,풍납토성.천호역10번출구,바람드리15길,residential,기존 정류장이 보행권 내: 정류장 간격과 보행 연결성 확인,"300m 내 3개, 400m 내 7개: 주변 공급 있음, 간격/위치 조정 검토",생활도로/이면도로 proxy: 도로폭과 정차 안전성 조건부 확인 필요,주변 버스 공급은 있으나 생활도로라 노선 진입 가능성 조건부,조건부 후보: 생활도로 폭이 부족하면 접근로/보행 연결 개선으로 대체,B_조건부_신설또는접근개선,True,"로드뷰에서 보도폭, 정차 가능 공간, 횡단보도/보행연결, 버스 진입 차로를 확인해야 함",966492.6441215072,1948877.2165727504,354.0886456415961,385.4729359967107,2043.0524026518,545.8739295426706
10,강남구,도곡2동,8930e1c84abffff,near_400m_distance,129.6126336166035,4,9,매봉역입구,,service,기존 정류장이 보행권 내: 정류장 간격과 보행 연결성 확인,"300m 내 4개, 400m 내 9개: 주변 공급 있음, 간격/위치 조정 검토","서비스/단지 내부도로 proxy: 일반 버스 진입 불확실, 인접 차도 검토 필요","후보점 인접 도로는 버스 진입 부적합 가능성, 가장 가까운 기존 정류장/간선도로 연결 검토",정류장 신설보다 접근로 개선 또는 인접 차도 정류장 위치 조정,C_대체안_우선,True,"로드뷰에서 보도폭, 정차 가능 공간, 횡단보도/보행연결, 버스 진입 차로를 확인해야 함",960031.7337907898,1942952.0090806128,357.8694994857353,385.6811985873745,3032.6828245950987,542.3208082244349
11,송파구,잠실2동,8930e1ca857ffff,near_400m_distance,91.1566779957962,4,5,잠실엘스아파트앞,,residential,"기존 정류장이 매우 가까움: 신설보다 접근동선, 횡단, 정류장 위치 조정 우선","300m 내 4개, 400m 내 5개: 주변 공급 있음, 간격/위치 조정 검토",생활도로/이면도로 proxy: 도로폭과 정차 안전성 조건부 확인 필요,주변 버스 공급은 있으나 생활도로라 노선 진입 가능성 조건부,조건부 후보: 생활도로 폭이 부족하면 접근로/보행 연결 개선으로 대체,B_조건부_신설또는접근개선,True,"로드뷰에서 보도폭, 정차 가능 공간, 횡단보도/보행연결, 버스 진입 차로를 확인해야 함",963101.3953745596,1945968.1135815028,370.9763010778915,397.7023449974032,2564.689226208742,348.48825891565616
12,마포구,용강동,8930e1d82b7ffff,near_400m_distance,199.2827132957801,7,23,대흥세양아파트,,service,기존 정류장이 보행권 내: 정류장 간격과 보행 연결성 확인,"300m 내 7개, 400m 내 23개: 공급 밀집, 신설 근거 약함","서비스/단지 내부도로 proxy: 일반 버스 진입 불확실, 인접 차도 검토 필요","후보점 인접 도로는 버스 진입 부적합 가능성, 가장 가까운 기존 정류장/간선도로 연결 검토",정류장 신설보다 접근로 개선 또는 인접 차도 정류장 위치 조정,C_대체안_우선,True,"로드뷰에서 보도폭, 정차 가능 공간, 횡단보도/보행연결, 버스 진입 차로를 확인해야 함",950798.16607525,1949515.72387602,392.6048830500591,422.8512658463562,2421.89320788123,378.0933900381173
13,관악구,신원동,8930e1d9267ffff,high_demand_plus_near_400m_distance,287.0353174151238,2,17,봉림교,남부순환로170길,residential,기존 정류장까지 다소 멂: 신설 또는 기존 정류장 접근 개선 병행 검토,"300m 내 2개, 400m 내 17개: 주변 공급 있음, 간격/위치 조정 검토",생활도로/이면도로 proxy: 도로폭과 정차 안전성 조건부 확인 필요,주변 버스 공급은 있으나 생활도로라 노선 진입 가능성 조건부,조건부 후보: 생활도로 폭이 부족하면 접근로/보행 연결 개선으로 대체,B_조건부_신설또는접근개선,True,"로드뷰에서 보도폭, 정차 가능 공간, 횡단보도/보행연결, 버스 진입 차로를 확인해야 함",949150.0887375176,1942651.78104745,382.7734874892224,415.536761594038,2564.3733400287056,523.1858359386574
14,동대문구,이문2동,8930e1c00cbffff,high_demand_plus_near_400m_distance,254.0329466202339,3,8,석관동코오롱아파트,,residential,기존 정류장까지 다소 멂: 신설 또는 기존 정류장 접근 개선 병행 검토,"300m 내 3개, 400m 내 8개: 주변 공급 있음, 간격/위치 조정 검토",생활도로/이면도로 proxy: 도로폭과 정차 안전성 조건부 확인 필요,주변 버스 공급은 있으나 생활도로라 노선 진입 가능성 조건부,조건부 후보: 생활도로 폭이 부족하면 접근로/보행 연결 개선으로 대체,B_조건부_신설또는접근개선,True,"로드뷰에서 보도폭, 정차 가능 공간, 횡단보도/보행연결, 버스 진입 차로를 확인해야 함",961672.0135238954,1956187.7988754965,342.27741287137064,368.1749808435634,2600.257083715785,601.3018386489364
15,강서구,화곡4동,8930e0acd83ffff,near_400m_distance,287.80516864315115,3,13,중앙하이츠빌라,,primary,기존 정류장까지 다소 멂: 신설 또는 기존 정류장 접근 개선 병행 검토,"300m 내 3개, 400m 내 13개: 주변 공급 있음, 간격/위치 조정 검토","차도급 도로 proxy: 정류장 검토 가능, 보도폭/대기공간은 로드뷰 확인",기존 정류장과 차도급 도로가 있어 버스 접근 가능성 높음,간선도로변 신규/이전 정류장 검토: 정류장 간격과 승하차 안전공간 확인,A_신규정류장_검토,True,"로드뷰에서 보도폭, 정차 가능 공간, 횡단보도/보행연결, 버스 진입 차로를 확인해야 함",943549.0836156775,1948000.9479862377,386.2370209316984,414.6699604668822,2266.3779860063773,536.4774827089661
16,노원구,상계10동,8930e1c2113ffff,near_400m_distance,53.96262911769277,8,10,임광아파트상가,,service,"기존 정류장이 매우 가까움: 신설보다 접근동선, 횡단, 정류장 위치 조정 우선","300m 내 8개, 400m 내 10개: 공급 밀집, 신설 근거 약함","서비스/단지 내부도로 proxy: 일반 버스 진입 불확실, 인접 차도 검토 필요","후보점 인접 도로는 버스 진입 부적합 가능성, 가장 가까운 기존 정류장/간선도로 연결 검토",정류장 신설보다 접근로 개선 또는 인접 차도 정류장 위치 조정,C_대체안_우선,True,"로드뷰에서 보도폭, 정차 가능 공간, 횡단보도/보행연결, 버스 진입 차로를 확인해야 함",960993.184466833,1962452.319612162,336.0735917470771,359.1675375762516,2858.3441255072844,521.143736770044
17,서초구,반포3동,8930e1ca617ffff,near_400m_distance,55.71273197617701,8,10,반포역,,service,"기존 정류장이 매우 가까움: 신설보다 접근동선, 횡단, 정류장 위치 조정 우선","300m 내 8개, 400m 내 10개: 공급 밀집, 신설 근거 약함","서비스/단지 내부도로 proxy: 일반 버스 진입 불확실, 인접 차도 검토 필요","후보점 인접 도로는 버스 진입 부적합 가능성, 가장 가까운 기존 정류장/간선도로 연결 검토",정류장 신설보다 접근로 개선 또는 인접 차도 정류장 위치 조정,C_대체안_우선,True,"로드뷰에서 보도폭, 정차 가능 공간, 횡단보도/보행연결, 버스 진입 차로를 확인해야 함",956766.0035914718,1945573.491367519,345.18377297270933,373.3964165281498,2464.504519923546,352.0263376558135
18,노원구,상계8동,8930e1c2183ffff,near_400m_distance,145.96025266780765,7,11,동일초등학교,,footway,기존 정류장이 보행권 내: 정류장 간격과 보행 연결성 확인,"300m 내 7개, 400m 내 11개: 공급 밀집, 신설 근거 약함","보행로/계단 proxy: 정류장 직접 설치 곤란, 인접 차도 또는 보행 연결 개선 검토","후보점 인접 도로는 버스 진입 부적합 가능성, 가장 가까운 기존 정류장/간선도로 연결 검토","정류장 신설보다 보행 연결로 개선: 계단/보행로, 횡단, 우회동선 개선",C_대체안_우선,True,"로드뷰에서 보도폭, 정차 가능 공간, 횡단보도/보행연결, 버스 진입 차로를 확인해야 함",960763.7684853649,1962993.2607344352,359.8365033396035,384.9874748753394,2886.427389317626,474.3197507627791
19,강남구,대치2동,8930e1cae4fffff,near_400m_distance,100.02769965489207,3,8,래미안하이스턴.대치순복음교회,,service,기존 정류장이 보행권 내: 정류장 간격과 보행 연결성 확인,"300m 내 3개, 400m 내 8개: 주변 공급 있음, 간격/위치 조정 검토","서비스/단지 내부도로 proxy: 일반 버스 진입 불확실, 인접 차도 검토 필요","후보점 인접 도로는 버스 진입 부적합 가능성, 가장 가까운 기존 정류장/간선도로 연결 검토",정류장 신설보다 접근로 개선 또는 인접 차도 정류장 위치 조정,C_대체안_우선,True,"로드뷰에서 보도폭, 정차 가능 공간, 횡단보도/보행연결, 버스 진입 차로를 확인해야 함",961549.9519381246,1944606.6353492567,382.2858587741431,410.4665972662178,1856.6809263482687,291.6448718236621
20,양천구,신월2동,8930e0aeb4fffff,near_400m_distance,265.10134073709315,1,8,화곡전화국,중앙로57길,residential,기존 정류장 접근이 상대적으로 약함: 신규 정류장 검토 우선,"300m 내 1개, 400m 내 8개: 공급 보완 후보",생활도로/이면도로 proxy: 도로폭과 정차 안전성 조건부 확인 필요,주변 버스 공급은 있으나 생활도로라 노선 진입 가능성 조건부,"신규 정류장 1순위 검토: 도로폭, 정차공간, 노선 경유 가능성 확인",A_신규정류장_검토,True,"로드뷰에서 보도폭, 정차 가능 공간, 횡단보도/보행연결, 버스 진입 차로를 확인해야 함",942391.51612984,1947731.261017887,347.26492750308296,374.6923098006925,2746.4623404946497,630.6893206362339
21,송파구,잠실4동,8930e1ca92bffff,near_400m_distance,219.23810918965677,4,7,잠실진주아파트,,footway,기존 정류장이 보행권 내: 정류장 간격과 보행 연결성 확인,"300m 내 4개, 400m 내 7개: 주변 공급 있음, 간격/위치 조정 검토","보행로/계단 proxy: 정류장 직접 설치 곤란, 인접 차도 또는 보행 연결 개선 검토","후보점 인접 도로는 버스 진입 부적합 가능성, 가장 가까운 기존 정류장/간선도로 연결 검토","정류장 신설보다 보행 연결로 개선: 계단/보행로, 횡단, 우회동선 개선",C_대체안_우선,True,"로드뷰에서 보도폭, 정차 가능 공간, 횡단보도/보행연결, 버스 진입 차로를 확인해야 함",965660.849556604,1946990.5965515675,360.9761237397552,393.07065929475095,2542.6044087116625,408.1937445320464
22,송파구,송파1동,8930e1cabafffff,high_demand_plus_near_400m_distance,236.8964956516568,7,10,호수임광아파트,백제고분로41길,residential,기존 정류장이 보행권 내: 정류장 간격과 보행 연결성 확인,"300m 내 7개, 400m 내 10개: 공급 밀집, 신설 근거 약함",생활도로/이면도로 proxy: 도로폭과 정차 안전성 조건부 확인 필요,주변 버스 공급은 있으나 생활도로라 노선 진입 가능성 조건부,조건부 후보: 생활도로 폭이 부족하면 접근로/보행 연결 개선으로 대체,B_조건부_신설또는접근개선,True,"로드뷰에서 보도폭, 정차 가능 공간, 횡단보도/보행연결, 버스 진입 차로를 확인해야 함",965363.815413406,1945573.8784578228,338.10457663539273,367.3477762483447,2835.3633586320284,501.6543926981285
23,송파구,가락2동,8930e1cf25bffff,near_400m_distance,107.0150231371146,7,15,문정시영.가락프라자아파트,프라자 아파트 주민 산책로 1,footway,기존 정류장이 보행권 내: 정류장 간격과 보행 연결성 확인,"300m 내 7개, 400m 내 15개: 공급 밀집, 신설 근거 약함","보행로/계단 proxy: 정류장 직접 설치 곤란, 인접 차도 또는 보행 연결 개선 검토","후보점 인접 도로는 버스 진입 부적합 가능성, 가장 가까운 기존 정류장/간선도로 연결 검토","정류장 신설보다 보행 연결로 개선: 계단/보행로, 횡단, 우회동선 개선",C_대체안_우선,True,"로드뷰에서 보도폭, 정차 가능 공간, 횡단보도/보행연결, 버스 진입 차로를 확인해야 함",967533.4669933688,1943623.289504636,335.22902404822685,360.7418294034093,2750.8850050517435,490.9734862058708
24,노원구,상계10동,8930e1c2103ffff,near_400m_distance,139.40407068601948,7,15,상계주공7단지,,service,기존 정류장이 보행권 내: 정류장 간격과 보행 연결성 확인,"300m 내 7개, 400m 내 15개: 공급 밀집, 신설 근거 약함","서비스/단지 내부도로 proxy: 일반 버스 진입 불확실, 인접 차도 검토 필요","후보점 인접 도로는 버스 진입 부적합 가능성, 가장 가까운 기존 정류장/간선도로 연결 검토",정류장 신설보다 접근로 개선 또는 인접 차도 정류장 위치 조정,C_대체안_우선,True,"로드뷰에서 보도폭, 정차 가능 공간, 횡단보도/보행연결, 버스 진입 차로를 확인해야 함",961192.2588608336,1962294.5235387145,329.4393579123705,361.0242789979032,2830.843210027726,530.8969031548763
25,강서구,발산1동,8930e0aed4bffff,high_demand_plus_near_400m_distance,198.2062866368844,6,9,마곡역4번출구,,tertiary,기존 정류장이 보행권 내: 정류장 간격과 보행 연결성 확인,"300m 내 6개, 400m 내 9개: 공급 밀집, 신설 근거 약함","차도급 도로 proxy: 정류장 검토 가능, 보도폭/대기공간은 로드뷰 확인",기존 정류장과 차도급 도로가 있어 버스 접근 가능성 높음,신설보다 기존 정류장 접근성 개선 및 정류장 위치 조정,D_수동확인,True,"로드뷰에서 보도폭, 정차 가능 공간, 횡단보도/보행연결, 버스 진입 차로를 확인해야 함",940788.3795663504,1951145.5635517405,354.03681190398635,379.01052651592977,1386.8824670665292,240.52210220749768
26,양천구,신정6동,8930e0ac99bffff,near_400m_distance,148.49513433423314,4,12,삼성아파트정문,,"['residential', 'service']",기존 정류장이 보행권 내: 정류장 간격과 보행 연결성 확인,"300m 내 4개, 400m 내 12개: 주변 공급 있음, 간격/위치 조정 검토",생활도로/이면도로 proxy: 도로폭과 정차 안전성 조건부 확인 필요,주변 버스 공급은 있으나 생활도로라 노선 진입 가능성 조건부,정류장 신설보다 접근로 개선 또는 인접 차도 정류장 위치 조정,C_대체안_우선,True,"로드뷰에서 보도폭, 정차 가능 공간, 횡단보도/보행연결, 버스 진입 차로를 확인해야 함",944796.8883063236,1946573.8514418327,337.51073473540947,359.4226014970944,2663.3417778818166,440.59286549556856
27,송파구,가락1동,8930e1cab47ffff,near_400m_distance,100.25258014997146,3,4,석촌동남현교회앞,,footway,기존 정류장이 보행권 내: 정류장 간격과 보행 연결성 확인,"300m 내 3개, 400m 내 4개: 주변 공급 있음, 간격/위치 조정 검토","보행로/계단 proxy: 정류장 직접 설치 곤란, 인접 차도 또는 보행 연결 개선 검토","후보점 인접 도로는 버스 진입 부적합 가능성, 가장 가까운 기존 정류장/간선도로 연결 검토","정류장 신설보다 보행 연결로 개선: 계단/보행로, 횡단, 우회동선 개선",C_대체안_우선,True,"로드뷰에서 보도폭, 정차 가능 공간, 횡단보도/보행연결, 버스 진입 차로를 확인해야 함",964791.0977534464,1944441.3119968143,328.18875107296026,352.3755344830515,2381.846832823785,403.0925570629765
28,강서구,염창동,8930e1db0d3ffff,near_400m_distance,289.0527120466534,3,7,동아3차아파트,양천로75길,service,기존 정류장까지 다소 멂: 신설 또는 기존 정류장 접근 개선 병행 검토,"300m 내 3개, 400m 내 7개: 주변 공급 있음, 간격/위치 조정 검토","서비스/단지 내부도로 proxy: 일반 버스 진입 불확실, 인접 차도 검토 필요","후보점 인접 도로는 버스 진입 부적합 가능성, 가장 가까운 기존 정류장/간선도로 연결 검토",정류장 신설보다 접근로 개선 또는 인접 차도 정류장 위치 조정,C_대체안_우선,True,"로드뷰에서 보도폭, 정차 가능 공간, 횡단보도/보행연결, 버스 진입 차로를 확인해야 함",944855.450995087,1950484.424266208,370.006081015293,402.9542832866736,3192.3234809103715,434.2865733353728
29,강남구,개포4동,8930e1c8433ffff,near_400m_distance,172.10173084071718,3,7,현대아파트,,service,기존 정류장이 보행권 내: 정류장 간격과 보행 연결성 확인,"300m 내 3개, 400m 내 7개: 주변 공급 있음, 간격/위치 조정 검토","서비스/단지 내부도로 proxy: 일반 버스 진입 불확실, 인접 차도 검토 필요","후보점 인접 도로는 버스 진입 부적합 가능성, 가장 가까운 기존 정류장/간선도로 연결 검토",정류장 신설보다 접근로 개선 또는 인접 차도 정류장 위치 조정,C_대체안_우선,True,"로드뷰에서 보도폭, 정차 가능 공간, 횡단보도/보행연결, 버스 진입 차로를 확인해야 함",960307.1548536604,1942721.199815169,384.0690336796656,411.4611510926828,2252.6921352840354,397.3006977996226
30,강동구,천호2동,8930e1c1b0bffff,near_400m_distance,307.1283036960997,0,7,천호동공원,올림픽로91길,residential,기존 정류장 접근이 상대적으로 약함: 신규 정류장 검토 우선,"300m 내 0개, 400m 내 7개: 공급 부족 후보",생활도로/이면도로 proxy: 도로폭과 정차 안전성 조건부 확인 필요,주변 정류장 공급이 약해 노선 접근성 추가 확인 필요,"신규 정류장 1순위 검토: 도로폭, 정차공간, 노선 경유 가능성 확인",A_신규정류장_검토,True,"로드뷰에서 보도폭, 정차 가능 공간, 횡단보도/보행연결, 버스 진입 차로를 확인해야 함",966818.1205562494,1949967.2068562664,390.7949498394896,419.0990395873927,2306.767903591975,471.87921736021815
31,광진구,군자동,8930e1c1edbffff,near_400m_distance,132.97704129213494,8,10,능동교회앞,능동로,residential,기존 정류장이 보행권 내: 정류장 간격과 보행 연결성 확인,"300m 내 8개, 400m 내 10개: 공급 밀집, 신설 근거 약함",생활도로/이면도로 proxy: 도로폭과 정차 안전성 조건부 확인 필요,주변 버스 공급은 있으나 생활도로라 노선 진입 가능성 조건부,조건부 후보: 생활도로 폭이 부족하면 접근로/보행 연결 개선으로 대체,B_조건부_신설또는접근개선,True,"로드뷰에서 보도폭, 정차 가능 공간, 횡단보도/보행연결, 버스 진입 차로를 확인해야 함",962695.9461753902,1950595.417497142,365.83794443887007,396.32322736074,1870.9649043764489,313.85147314734223
32,강남구,대치2동,8930e1c85b3ffff,near_400m_distance,222.4574517263546,3,10,은마아파트,,service,기존 정류장이 보행권 내: 정류장 간격과 보행 연결성 확인,"300m 내 3개, 400m 내 10개: 주변 공급 있음, 간격/위치 조정 검토","서비스/단지 내부도로 proxy: 일반 버스 진입 불확실, 인접 차도 검토 필요","후보점 인접 도로는 버스 진입 부적합 가능성, 가장 가까운 기존 정류장/간선도로 연결 검토",정류장 신설보다 접근로 개선 또는 인접 차도 정류장 위치 조정,C_대체안_우선,True,"로드뷰에서 보도폭, 정차 가능 공간, 횡단보도/보행연결, 버스 진입 차로를 확인해야 함",961572.1587522626,1944308.654315063,392.3970580706714,424.5903519430474,1856.64088273778,291.6385818287131
33,송파구,잠실6동,8930e1cabb3ffff,high_demand_plus_near_400m_distance,143.32411740530608,7,11,잠실역2번출구,,service,기존 정류장이 보행권 내: 정류장 간격과 보행 연결성 확인,"300m 내 7개, 400m 내 11개: 공급 밀집, 신설 근거 약함","서비스/단지 내부도로 proxy: 일반 버스 진입 불확실, 인접 차도 검토 필요","후보점 인접 도로는 버스 진입 부적합 가능성, 가장 가까운 기존 정류장/간선도로 연결 검토",정류장 신설보다 접근로 개선 또는 인접 차도 정류장 위치 조정,C_대체안_우선,True,"로드뷰에서 보도폭, 정차 가능 공간, 횡단보도/보행연결, 버스 진입 차로를 확인해야 함",964920.8246058236,1945958.5638016155,333.0938574222598,359.620386403474,1344.0175924732569,274.88497248515404
34,강남구,수서동,8930e1c8c33ffff,near_400m_distance,232.97661282851803,8,11,고속철도수서역,밤고개로5길,residential,기존 정류장이 보행권 내: 정류장 간격과 보행 연결성 확인,"300m 내 8개, 400m 내 11개: 공급 밀집, 신설 근거 약함",생활도로/이면도로 proxy: 도로폭과 정차 안전성 조건부 확인 필요,주변 버스 공급은 있으나 생활도로라 노선 진입 가능성 조건부,조건부 후보: 생활도로 폭이 부족하면 접근로/보행 연결 개선으로 대체,B_조건부_신설또는접근개선,True,"로드뷰에서 보도폭, 정차 가능 공간, 횡단보도/보행연결, 버스 진입 차로를 확인해야 함",965156.267181773,1943091.469469085,329.7396128807508,359.9747114833131,1403.552714099978,560.410593677151
35,용산구,한강로동,8930e1d9dd3ffff,near_400m_distance,131.9957704921933,9,15,용산역3번출구.용산차고지,,service,기존 정류장이 보행권 내: 정류장 간격과 보행 연결성 확인,"300m 내 9개, 400m 내 15개: 공급 밀집, 신설 근거 약함","서비스/단지 내부도로 proxy: 일반 버스 진입 불확실, 인접 차도 검토 필요","후보점 인접 도로는 버스 진입 부적합 가능성, 가장 가까운 기존 정류장/간선도로 연결 검토",정류장 신설보다 접근로 개선 또는 인접 차도 정류장 위치 조정,C_대체안_우선,True,"로드뷰에서 보도폭, 정차 가능 공간, 횡단보도/보행연결, 버스 진입 차로를 확인해야 함",952739.9610617976,1948083.656669516,384.8209523526299,412.1278276103236,1034.4346708292735,163.2307184786292
36,광진구,자양4동,8930e1c134bffff,near_400m_distance,269.5357483435931,2,10,영동교골목시장,동일로18나길,path,기존 정류장까지 다소 멂: 신설 또는 기존 정류장 접근 개선 병행 검토,"300m 내 2개, 400m 내 10개: 주변 공급 있음, 간격/위치 조정 검토","보행로/계단 proxy: 정류장 직접 설치 곤란, 인접 차도 또는 보행 연결 개선 검토","후보점 인접 도로는 버스 진입 부적합 가능성, 가장 가까운 기존 정류장/간선도로 연결 검토","정류장 신설보다 보행 연결로 개선: 계단/보행로, 횡단, 우회동선 개선",C_대체안_우선,True,"로드뷰에서 보도폭, 정차 가능 공간, 횡단보도/보행연결, 버스 진입 차로를 확인해야 함",961618.6675360831,1948903.4863080203,363.9121167785872,389.33548580394665,2095.223380816303,414.1264787393338
37,광진구,자양4동,8930e1cac8fffff,near_400m_distance,245.44619726710707,2,4,자양4동주민센터앞,능동로3다길,footway,기존 정류장이 보행권 내: 정류장 간격과 보행 연결성 확인,"300m 내 2개, 400m 내 4개: 주변 공급 있음, 간격/위치 조정 검토","보행로/계단 proxy: 정류장 직접 설치 곤란, 인접 차도 또는 보행 연결 개선 검토","후보점 인접 도로는 버스 진입 부적합 가능성, 가장 가까운 기존 정류장/간선도로 연결 검토","정류장 신설보다 보행 연결로 개선: 계단/보행로, 횡단, 우회동선 개선",C_대체안_우선,True,"로드뷰에서 보도폭, 정차 가능 공간, 횡단보도/보행연결, 버스 진입 차로를 확인해야 함",961565.6983308716,1948241.557990372,356.92748896497073,385.0462387972418,2095.133398722172,414.10869353889495
38,송파구,잠실7동,8930e1cae23ffff,near_400m_distance,218.42954640487775,1,2,잠실종합운동장,올림픽로4길,residential,기존 정류장이 보행권 내: 정류장 간격과 보행 연결성 확인,"300m 내 1개, 400m 내 2개: 공급 보완 후보",생활도로/이면도로 proxy: 도로폭과 정차 안전성 조건부 확인 필요,주변 버스 공급은 있으나 생활도로라 노선 진입 가능성 조건부,조건부 후보: 생활도로 폭이 부족하면 접근로/보행 연결 개선으로 대체,B_조건부_신설또는접근개선,True,"로드뷰에서 보도폭, 정차 가능 공간, 횡단보도/보행연결, 버스 진입 차로를 확인해야 함",962367.53421685,1945595.8837784007,344.3729652054314,370.1204540669706,1850.39835555838,484.3922890085908
39,영등포구,당산1동,8930e1d9487ffff,near_400m_distance,245.39752109759877,5,13,영등포구청,,service,기존 정류장이 보행권 내: 정류장 간격과 보행 연결성 확인,"300m 내 5개, 400m 내 13개: 공급 밀집, 신설 근거 약함","서비스/단지 내부도로 proxy: 일반 버스 진입 불확실, 인접 차도 검토 필요","후보점 인접 도로는 버스 진입 부적합 가능성, 가장 가까운 기존 정류장/간선도로 연결 검토",정류장 신설보다 접근로 개선 또는 인접 차도 정류장 위치 조정,C_대체안_우선,True,"로드뷰에서 보도폭, 정차 가능 공간, 횡단보도/보행연결, 버스 진입 차로를 확인해야 함",946954.4405018842,1947653.054052779,353.2252238388896,381.8820833518959,2186.5055870648957,374.2804361254286
40,강서구,등촌3동,8930e0ae997ffff,near_400m_distance,203.84200481327335,9,16,가양동탑산문화공원,,service,기존 정류장이 보행권 내: 정류장 간격과 보행 연결성 확인,"300m 내 9개, 400m 내 16개: 공급 밀집, 신설 근거 약함","서비스/단지 내부도로 proxy: 일반 버스 진입 불확실, 인접 차도 검토 필요","후보점 인접 도로는 버스 진입 부적합 가능성, 가장 가까운 기존 정류장/간선도로 연결 검토",정류장 신설보다 접근로 개선 또는 인접 차도 정류장 위치 조정,C_대체안_우선,True,"로드뷰에서 보도폭, 정차 가능 공간, 횡단보도/보행연결, 버스 진입 차로를 확인해야 함",942206.8760007962,1951818.5928455235,332.12763796421643,356.4663845145699,1991.0808496391696,531.6505931792949
41,은평구,진관동,8930e1d1637ffff,near_400m_distance,178.79145626735897,2,4,래미안909동앞,,service,기존 정류장이 보행권 내: 정류장 간격과 보행 연결성 확인,"300m 내 2개, 400m 내 4개: 주변 공급 있음, 간격/위치 조정 검토","서비스/단지 내부도로 proxy: 일반 버스 진입 불확실, 인접 차도 검토 필요","후보점 인접 도로는 버스 진입 부적합 가능성, 가장 가까운 기존 정류장/간선도로 연결 검토",정류장 신설보다 접근로 개선 또는 인접 차도 정류장 위치 조정,C_대체안_우선,True,"로드뷰에서 보도폭, 정차 가능 공간, 횡단보도/보행연결, 버스 진입 차로를 확인해야 함",948795.1179924662,1960294.1381539784,343.0131320813585,368.3517617945146,1828.175867430487,345.87019566107534
42,중랑구,중화2동,8930e1c000bffff,near_400m_distance,274.34148383548285,2,7,제일시장,중랑천로,secondary,기존 정류장까지 다소 멂: 신설 또는 기존 정류장 접근 개선 병행 검토,"300m 내 2개, 400m 내 7개: 주변 공급 있음, 간격/위치 조정 검토","차도급 도로 proxy: 정류장 검토 가능, 보도폭/대기공간은 로드뷰 확인",기존 정류장과 차도급 도로가 있어 버스 접근 가능성 높음,간선도로변 신규/이전 정류장 검토: 정류장 간격과 승하차 안전공간 확인,A_신규정류장_검토,True,"로드뷰에서 보도폭, 정차 가능 공간, 횡단보도/보행연결, 버스 진입 차로를 확인해야 함",962397.4641130028,1956185.707197044,331.566580047901,355.7244708761594,2354.752006409954,563.504491873176
43,금천구,독산3동,8930e03650fffff,near_400m_distance,243.17504839628137,4,9,독산고개,,residential,기존 정류장이 보행권 내: 정류장 간격과 보행 연결성 확인,"300m 내 4개, 400m 내 9개: 주변 공급 있음, 간격/위치 조정 검토",생활도로/이면도로 proxy: 도로폭과 정차 안전성 조건부 확인 필요,주변 버스 공급은 있으나 생활도로라 노선 진입 가능성 조건부,조건부 후보: 생활도로 폭이 부족하면 접근로/보행 연결 개선으로 대체,B_조건부_신설또는접근개선,True,"로드뷰에서 보도폭, 정차 가능 공간, 횡단보도/보행연결, 버스 진입 차로를 확인해야 함",947048.6776346592,1942228.9002647584,328.0855307320815,355.16783992725027,2153.5947016147666,496.1597842566816
44,송파구,잠실본동,8930e1caa87ffff,near_400m_distance,314.266249938305,0,4,아시아선수촌아파트삼거리.성현교회,도곡로62길,residential,기존 정류장 접근이 상대적으로 약함: 신규 정류장 검토 우선,"300m 내 0개, 400m 내 4개: 공급 부족 후보",생활도로/이면도로 proxy: 도로폭과 정차 안전성 조건부 확인 필요,주변 정류장 공급이 약해 노선 접근성 추가 확인 필요,"신규 정류장 1순위 검토: 도로폭, 정차공간, 노선 경유 가능성 확인",A_신규정류장_검토,True,"로드뷰에서 보도폭, 정차 가능 공간, 횡단보도/보행연결, 버스 진입 차로를 확인해야 함",962921.3528824174,1944985.0917315057,367.2848960703998,396.655672692445,2313.5392943960514,375.3235569759682
45,송파구,오금동,8930e1cf663ffff,near_400m_distance,247.4912716359768,2,8,오금역.오금동현대아파트,,service,기존 정류장이 보행권 내: 정류장 간격과 보행 연결성 확인,"300m 내 2개, 400m 내 8개: 주변 공급 있음, 간격/위치 조정 검토","서비스/단지 내부도로 proxy: 일반 버스 진입 불확실, 인접 차도 검토 필요","후보점 인접 도로는 버스 진입 부적합 가능성, 가장 가까운 기존 정류장/간선도로 연결 검토",정류장 신설보다 접근로 개선 또는 인접 차도 정류장 위치 조정,C_대체안_우선,True,"로드뷰에서 보도폭, 정차 가능 공간, 횡단보도/보행연결, 버스 진입 차로를 확인해야 함",966959.1630986566,1945203.8088344105,325.3995406101496,357.9917630539744,2507.0182704510007,537.6607397508515
46,송파구,잠실2동,8930e1ca877ffff,near_400m_distance,138.55863209940776,6,7,잠실리센츠아파트앞,,service,기존 정류장이 보행권 내: 정류장 간격과 보행 연결성 확인,"300m 내 6개, 400m 내 7개: 공급 밀집, 신설 근거 약함","서비스/단지 내부도로 proxy: 일반 버스 진입 불확실, 인접 차도 검토 필요","후보점 인접 도로는 버스 진입 부적합 가능성, 가장 가까운 기존 정류장/간선도로 연결 검토",정류장 신설보다 접근로 개선 또는 인접 차도 정류장 위치 조정,C_대체안_우선,True,"로드뷰에서 보도폭, 정차 가능 공간, 횡단보도/보행연결, 버스 진입 차로를 확인해야 함",963766.5434035984,1946002.1668589725,326.15072923725086,348.42112601401595,2632.977942005324,350.54314424205864
47,강동구,암사2동,8930e1c1b03ffff,near_400m_distance,268.7103610723454,4,6,암사역.선사현대아파트,상암로,residential,기존 정류장까지 다소 멂: 신설 또는 기존 정류장 접근 개선 병행 검토,"300m 내 4개, 400m 내 6개: 주변 공급 있음, 간격/위치 조정 검토",생활도로/이면도로 proxy: 도로폭과 정차 안전성 조건부 확인 필요,주변 버스 공급은 있으나 생활도로라 노선 진입 가능성 조건부,조건부 후보: 생활도로 폭이 부족하면 접근로/보행 연결 개선으로 대체,B_조건부_신설또는접근개선,True,"로드뷰에서 보도폭, 정차 가능 공간, 횡단보도/보행연결, 버스 진입 차로를 확인해야 함",966833.374238488,1950221.1123293687,335.2829055941776,362.8544946784788,1673.6267965097793,333.0532213953629
48,강남구,논현1동,8930e1ca01bffff,near_400m_distance,277.74472618903053,1,4,학동역6번출구,강남대로128길,residential,기존 정류장 접근이 상대적으로 약함: 신규 정류장 검토 우선,"300m 내 1개, 400m 내 4개: 공급 보완 후보",생활도로/이면도로 proxy: 도로폭과 정차 안전성 조건부 확인 필요,주변 버스 공급은 있으나 생활도로라 노선 진입 가능성 조건부,"신규 정류장 1순위 검토: 도로폭, 정차공간, 노선 경유 가능성 확인",A_신규정류장_검토,True,"로드뷰에서 보도폭, 정차 가능 공간, 횡단보도/보행연결, 버스 진입 차로를 확인해야 함",958214.0110458396,1945986.5442187104,324.5737973379208,356.7071814814268,1240.2853998630344,186.44662383057337
