scenario3_rank,rank,district_name,admin_name,admin_code,hex_id,scenario3_score,primary_low_cost_type,recommended_actions,vulnerability_m3_final,demand_index_final,access_cost_m3,cost_m3_percentile_final,weather_effect,weather_additive_increment_m2_m1,interaction_increment_m3_m2,total_env_increment_m3_m0,env_penalty_percentile_final,slope_increment_m1_m0,slope_increment_share,weather_additive_increment_share,interaction_increment_share,near_400m_distance_pressure,high_demand_pressure,high_m3_cost_pressure,high_env_penalty,registered_population,registered_senior_population,centroid_x,centroid_y,primary_reason
1,1,금천구,시흥2동,11180580,8930e036307ffff,0.9904,제설 우선구간,"제설 우선순위, 배수/침수 점검, 미끄럼 방지 포장",0.0874,0.3802,503.9638,0.9375,40.5002,27.8078,12.6924,193.0346,0.9918,152.5343,0.7902,0.1441,0.0658,False,True,True,True,3926.4875,987.7956,948432.7033,1938989.5298,high_demand_plus_slope_weather_penalty
2,2,관악구,성현동,11210790,8930e036dbbffff,0.9771,배수 불량/침수 가능,"제설 우선순위, 배수/침수 점검, 미끄럼 방지 포장",0.0846,0.3705,501.1563,0.9368,33.1853,28.0783,5.107,143.1671,0.9808,109.9818,0.7682,0.1961,0.0357,True,True,True,True,4365.725,930.3166,951749.0195,1943354.802,high_demand_plus_slope_weather_penalty
3,7,서대문구,홍은1동,11130660,8930e1daeb7ffff,0.9493,제설 우선구간,"제설 우선순위, 배수/침수 점검, 미끄럼 방지 포장",0.0691,0.293,521.2861,0.9434,41.4071,28.7927,12.6144,187.2666,0.9911,145.8594,0.7789,0.1538,0.0674,True,True,True,True,3395.3843,795.3686,951265.8899,1956098.7777,high_demand_plus_slope_weather_penalty
4,3,관악구,난곡동,11210810,8930e036123ffff,0.9434,배수 불량/침수 가능,"제설 우선순위, 배수/침수 점검, 미끄럼 방지 포장",0.0715,0.2916,541.676,0.9491,39.6127,30.1238,9.4889,158.0649,0.9863,118.4522,0.7494,0.1906,0.06,True,True,True,True,2904.9915,753.1095,949045.1818,1941104.7661,high_demand_plus_slope_weather_penalty
5,4,성동구,행당2동,11040570,8930e1c1683ffff,0.935,제설 우선구간,"제설 우선순위, 배수/침수 점검, 미끄럼 방지 포장",0.0714,0.3705,422.7717,0.901,28.6218,23.649,4.9728,103.8754,0.9546,75.2536,0.7245,0.2277,0.0479,False,True,True,True,4193.2127,827.9677,958323.0441,1951156.3033,high_demand_plus_slope_weather_penalty
6,5,금천구,시흥2동,11180580,8930e0363abffff,0.9237,배수 불량/침수 가능,"제설 우선순위, 배수/침수 점검, 미끄럼 방지 포장",0.0713,0.3614,433.4532,0.9069,27.7564,24.3418,3.4145,80.5276,0.9293,52.7713,0.6553,0.3023,0.0424,True,True,True,True,3926.5726,987.817,948454.8959,1939302.3398,high_demand_plus_slope_weather_penalty
7,12,중구,약수동,11020710,8930e1d8b83ffff,0.9197,배수 불량/침수 가능,"제설 우선순위, 배수/침수 점검, 미끄럼 방지 포장",0.0638,0.3118,451.043,0.9151,29.4199,25.2974,4.1225,92.9932,0.9423,63.5733,0.6836,0.272,0.0443,True,True,True,True,3324.7827,906.5955,956642.0348,1950319.5197,high_demand_plus_slope_weather_penalty
8,9,강북구,삼각산동,11090730,8930e1c355bffff,0.9157,배수 불량/침수 가능,"제설 우선순위, 배수/침수 점검, 미끄럼 방지 포장",0.066,0.2976,489.5129,0.9327,31.8408,27.4603,4.3805,100.5947,0.9512,68.7539,0.6835,0.273,0.0435,True,True,True,True,3898.8453,716.9965,957154.5393,1957524.5487,high_demand_plus_slope_weather_penalty
9,16,은평구,불광2동,11120720,8930e1d12c7ffff,0.9044,미끄럼 방지 포장,"제설 우선순위, 배수/침수 점검, 미끄럼 방지 포장",0.062,0.3067,445.4841,0.9128,31.5012,24.839,6.6623,122.472,0.9713,90.9708,0.7428,0.2028,0.0544,True,True,True,True,2281.244,612.605,949134.6322,1958659.4274,high_demand_plus_slope_weather_penalty
10,8,성북구,길음1동,11080660,8930e1c30b3ffff,0.8943,배수 불량/침수 가능,"제설 우선순위, 배수/침수 점검, 미끄럼 방지 포장",0.067,0.3501,420.7625,0.8998,28.2512,23.5507,4.7005,99.3272,0.9491,71.076,0.7156,0.2371,0.0473,True,True,True,True,3845.2712,612.373,957590.2869,1957137.3664,high_demand_plus_slope_weather_penalty
11,18,도봉구,쌍문4동,11100540,8930e1c246bffff,0.8864,배수 불량/침수 가능,"제설 우선순위, 배수/침수 점검, 미끄럼 방지 포장",0.0615,0.2647,514.5254,0.9409,34.0736,28.8271,5.2465,114.9863,0.9653,80.9127,0.7037,0.2507,0.0456,True,True,True,True,2672.4155,616.0536,958382.8464,1961764.0429,high_demand_plus_slope_weather_penalty
12,23,성북구,돈암1동,11080580,8930e1c302bffff,0.8792,배수 불량/침수 가능,"제설 우선순위, 배수/침수 점검, 미끄럼 방지 포장",0.0576,0.2907,437.4648,0.9078,28.5145,24.537,3.9775,90.2211,0.9389,61.7066,0.6839,0.272,0.0441,True,True,True,True,2903.48,703.4404,958199.3795,1955929.8709,high_demand_plus_slope_weather_penalty
13,62,중구,약수동,11020710,8930e1d8bb3ffff,0.8777,미끄럼 방지 포장,"제설 우선순위, 배수/침수 점검, 미끄럼 방지 포장",0.0502,0.2681,414.8184,0.8953,29.681,23.1082,6.5728,113.8446,0.9649,84.1636,0.7393,0.203,0.0577,False,True,True,True,3209.7808,863.6361,957122.2588,1950558.5687,high_demand_plus_slope_weather_penalty
14,49,관악구,삼성동,11210820,8930e036e8fffff,0.8763,배수 불량/침수 가능,"제설 우선순위, 배수/침수 점검, 미끄럼 방지 포장",0.0522,0.2448,474.2168,0.9274,31.9516,26.5359,5.4157,113.7473,0.9644,81.7957,0.7191,0.2333,0.0476,True,False,True,True,2598.9323,805.053,949675.4287,1940210.7886,slope_weather_penalty
15,14,금천구,시흥5동,11180610,8930e036387ffff,0.8759,제설 우선구간,"제설 우선순위, 배수/침수 점검, 미끄럼 방지 포장",0.0631,0.2062,685.342,0.9708,59.6707,37.5403,22.1304,299.5703,0.9986,239.8996,0.8008,0.1253,0.0739,True,False,True,True,2438.3205,687.4348,948020.0318,1939689.7461,slope_weather_penalty
16,13,송파구,거여2동,11240540,8930e1cd4d3ffff,0.8732,배수 불량/침수 가능,배수/침수 점검,0.0636,0.3104,451.8709,0.916,27.2473,25.4774,1.7699,56.8535,0.8741,29.6062,0.5207,0.4481,0.0311,True,True,True,True,3527.4389,761.7788,968663.1567,1943297.527,high_demand_plus_slope_weather_penalty
17,31,마포구,공덕동,11140770,8930e1d8147ffff,0.8653,배수 불량/침수 가능,"제설 우선순위, 배수/침수 점검, 미끄럼 방지 포장",0.0556,0.2942,417.0764,0.8966,27.7206,23.3613,4.3592,90.3381,0.9391,62.6175,0.6931,0.2586,0.0483,True,True,True,True,3581.2305,654.2585,952282.5919,1950867.3347,high_demand_plus_slope_weather_penalty
18,29,관악구,인헌동,11210620,8930e0369d7ffff,0.8641,배수 불량/침수 가능,"제설 우선순위, 배수/침수 점검, 미끄럼 방지 포장",0.0557,0.2405,515.1134,0.9414,37.2646,28.6709,8.5937,146.9792,0.9822,109.7146,0.7465,0.1951,0.0585,True,False,True,True,3306.3072,589.7072,952552.7563,1941640.9621,slope_weather_penalty
19,10,성동구,행당2동,11040570,8930e1c168bffff,0.8633,미끄럼 방지 포장,"제설 우선순위, 미끄럼 방지 포장",0.0656,0.4392,326.6852,0.8202,23.9605,18.1635,5.797,102.4847,0.953,78.5242,0.7662,0.1772,0.0566,False,True,True,True,4155.4139,823.0682,958300.75,1950843.0303,high_demand_plus_slope_weather_penalty
20,30,동작구,사당2동,11200730,8930e1d9a33ffff,0.8585,배수 불량/침수 가능,"제설 우선순위, 배수/침수 점검, 미끄럼 방지 포장",0.0557,0.2769,444.8748,0.9126,30.0129,24.8917,5.1212,106.399,0.9582,76.3861,0.7179,0.2339,0.0481,True,True,True,True,2436.8021,564.3606,953863.4206,1943802.2931,high_demand_plus_slope_weather_penalty
