district_name,admin_name,admin_code,candidate_hex_count,robust_core_hidden_count,normalization_sensitive_count,registered_population_sum,registered_senior_population_sum,mean_delta_cost_m3_minus_m0,p90_delta_cost_m3_minus_m0,mean_delta_pct_m3_over_m0
강서구,우장산동,11160740.0,8,7,1,25145.59205602862,4321.584098631421,40.39068253197104,61.2584656416954,0.15902074884179682
은평구,불광1동,11120520.0,6,5,1,15056.99118618794,3625.6847883667124,66.73123296166268,92.21826848815094,0.2624249276777007
관악구,성현동,11210790.0,5,5,0,21291.065044455394,4509.810774607966,71.12427694649553,113.72274345974954,0.3122613048934718
강동구,천호1동,11250610.0,5,5,0,15030.575192420958,3766.100950006542,25.35325548933729,31.422261762150196,0.0957177141022692
강북구,삼각산동,11090730.0,5,5,0,19686.041161622612,3597.2874858582363,63.86626799945575,96.3734075674981,0.256432262363364
강동구,성내2동,11250660.0,5,5,0,15987.799544976715,3407.29613677693,23.560539557177094,32.30818624394021,0.09036574378943193
은평구,신사1동,11120650.0,5,5,0,13948.780346325548,3307.890035424197,42.80001734082794,75.43704395469702,0.19407416273109662
강서구,화곡1동,11160730.0,5,5,0,14924.632998192075,3115.0844329271486,39.57074041235061,52.977716634660105,0.20455747436932867
양천구,목3동,11150530.0,5,5,0,14286.10615466506,2912.619104948715,55.79898310454598,90.7151926301152,0.2005248568234142
관악구,보라매동,11210520.0,5,4,1,14156.791192787372,3039.2797805850128,51.358202037840805,73.61127076819231,0.21704033267936804
노원구,중계2·3동,11110780.0,4,4,0,13566.643326680613,3549.886137899376,20.710080506762573,23.962168919440213,0.08124114856969739
관악구,난곡동,11210810.0,4,4,0,11671.890684459702,3003.392806420254,71.76441124890206,126.1859390143893,0.2772384796852806
강동구,암사1동,11250720.0,4,4,0,12905.457004193911,2886.6936034087407,19.6442247522304,23.855358020143647,0.0868567213387466
마포구,공덕동,11140770.0,4,4,0,14010.2882058333,2566.611065409539,71.20285226121766,86.75720711324739,0.2832756368682949
도봉구,쌍문4동,11100540.0,4,4,0,10956.461237341204,2535.1811603658316,58.29213430814977,100.29617317031965,0.19359473358867285
성북구,길음1동,11080660.0,4,4,0,14905.017026231826,2404.338979203626,59.25283294399107,90.81278320614199,0.2332815139097045
관악구,청룡동,11210800.0,4,4,0,11725.9144431696,1701.565929857832,68.88091216559638,96.27327645906834,0.2555631990490354
노원구,상계1동,11110650.0,6,3,3,14629.703911306897,3633.2146031389066,31.123351990534747,41.85012219501806,0.10144206534190932
강남구,역삼1동,11230640.0,5,3,2,5597.862702257815,662.0053019746645,55.502129294438305,95.09070859888814,0.23327637576494048
동대문구,청량리동,11060800.0,4,3,1,9207.752429185319,2764.6566239271415,52.138965994452306,79.24519261316581,0.15927362285754496
은평구,불광2동,11120720.0,4,3,1,9125.244665915565,2450.4920913915375,100.20851805686358,138.4889265120986,0.31740515789510704
동작구,사당2동,11200730.0,4,3,1,9782.456357384017,2264.84035665046,61.8053082175249,104.11156319367448,0.21999843857091145
은평구,응암1동,11120590.0,4,3,1,11089.208270346455,2264.824960292876,39.442074037534944,73.0896786714165,0.14685034150167514
중랑구,면목2동,11070520.0,4,3,1,9718.624285340567,2147.474589024339,21.47972144266415,25.748385119312754,0.08545577851950743
동작구,사당1동,11200630.0,4,3,1,10500.407440805073,2060.203144285839,29.172527054073498,38.2528930947238,0.08861536629413747
강남구,개포2동,11230800.0,4,3,1,12203.69083335245,1752.5131531286831,30.16712280653453,36.40340744434305,0.11654601846412659
서초구,반포1동,11220570.0,4,3,1,11379.806796029496,1527.3074388646978,30.911833775510516,36.26053758535034,0.1049701517365491
강남구,역삼2동,11230650.0,4,3,1,9187.250159043093,1035.70228495685,34.713228629948155,48.52322791413144,0.12213762537395759
금천구,시흥2동,11180580.0,3,3,0,11779.86301386819,2963.4875506586636,112.71177688309031,170.53317137268508,0.41988232898484323
노원구,상계5동,11110690.0,3,3,0,10090.875443427518,2710.8935704425376,26.050988628605392,34.10882114847051,0.11946867918502724
도봉구,창1동,11100590.0,3,3,0,11239.103468455442,2664.5819580743355,24.099330907235515,34.41178523278725,0.10647949737537682
강동구,천호3동,11250630.0,3,3,0,12141.405601194007,2527.449362542954,18.12753750739637,22.009138377456186,0.08811400493895478
성동구,행당2동,11040570.0,3,3,0,12280.499271274068,2384.997819143991,84.07446172683869,103.59728653347265,0.3124468831003483
송파구,거여2동,11240540.0,3,3,0,10691.161231605407,2369.289955343486,37.02577537902537,51.11997918482879,0.1369711137427244
서대문구,홍은1동,11130660.0,3,3,0,9926.623939036213,2330.8003473133804,93.1253834114051,163.1041747433646,0.3747932669384694
동작구,신대방1동,11200690.0,3,3,0,10572.62758065819,2091.693089084215,36.51118737228038,44.47015021209276,0.15691850037376753
강동구,명일1동,11250530.0,3,3,0,10234.933525307202,2078.732759489386,22.222742526043287,25.13897689049701,0.08862720104527211
강서구,등촌2동,11160530.0,3,3,0,9824.434120532345,2034.9128120646342,47.65430627154902,64.88933619651517,0.1840123686274453
동작구,상도4동,11200560.0,3,3,0,9494.54163158179,2029.3572381190017,67.00553392539294,87.06219365610166,0.3497554137923821
중랑구,묵1동,11070640.0,3,3,0,9258.610516728777,1982.7756358123102,40.34082644921012,47.069694379030565,0.21940998171521722
구로구,오류1동,11170670.0,3,3,0,9444.548175949652,1969.9558164472155,30.858337683127036,43.14003909464445,0.16115224745758386
중랑구,면목본동,11070710.0,3,3,0,8221.557350120014,1883.9082244100007,30.39094036576064,32.66595045946211,0.12603410352101901
동대문구,답십리2동,11060860.0,3,3,0,7997.826600230355,1874.152628266164,32.0555420325175,41.32696176465744,0.1064354004065018
광진구,중곡4동,11050580.0,3,3,0,7898.112819593698,1867.8788335690515,98.87077466953747,134.16122325804662,0.33819557837716224
강동구,길동,11250740.0,3,3,0,8718.867407973466,1864.9111728451314,29.280398009211655,35.22665980759888,0.12054320184945054
강서구,화곡본동,11160550.0,3,3,0,9562.643499842798,1820.4133099144424,40.009731075320985,51.87888713564291,0.15291225060996128
성북구,월곡1동,11080710.0,3,3,0,7721.89459579203,1723.0339082036955,50.6601902307494,81.43327095746392,0.19466647326028516
구로구,개봉1동,11170720.0,3,3,0,7296.035273297681,1694.870167468434,36.30993552173022,46.148758248514284,0.12357833644012718
광진구,자양1동,11050640.0,3,3,0,8857.028478022234,1657.646418064076,26.683214589141432,32.70461997630406,0.1019318146212158
관악구,중앙동,11210610.0,3,3,0,9109.115482389716,1589.1592396489782,44.7343487091153,60.5494159596126,0.18577005024692642
송파구,송파1동,11240610.0,3,3,0,8506.378039230074,1505.013695393867,23.986814193250456,27.998236247938372,0.08032189820894346
송파구,방이2동,11240580.0,3,3,0,8659.583327264954,1373.4465689405208,19.317876861700313,21.635792752169472,0.084352498011689
서초구,서초4동,11220540.0,3,3,0,7363.120558095725,1152.3228843796237,24.625678001064813,36.72628411616401,0.10941823903429344
양천구,목5동,11150710.0,3,3,0,6411.411609017924,917.6954714464553,21.016324390971874,25.70881674038991,0.07578174244700607
영등포구,여의동,11190540.0,3,3,0,2972.6341231363035,606.9379383915874,15.236806944927688,17.4011535164762,0.07371280627016258
양천구,신월1동,11150570.0,5,2,3,11400.9592246789,3066.2597079045627,29.370047403338436,35.096757055495274,0.09467236342688615
중랑구,상봉1동,11070590.0,4,2,2,10542.466505300488,2330.185924141746,36.53703033686797,47.0728626660191,0.11511404105198952
동작구,상도1동,11200530.0,4,2,2,12474.49597782163,2277.460921799158,69.9866855970758,78.98848667740006,0.31072453876613015
송파구,오금동,11240600.0,4,2,2,10047.012699756106,2156.635982502891,36.43263291462854,49.74691102341088,0.1278906884458303
강남구,도곡2동,11230670.0,4,2,2,11702.352766675953,2075.5165042711124,41.818302485976474,62.42551741852743,0.12676507250592695
송파구,잠실본동,11240710.0,4,2,2,9254.678261856769,1501.3787629723442,22.999803427884316,27.647879974642873,0.07750182533553254
송파구,잠실2동,11240790.0,4,2,2,10594.2183739041,1367.344581674711,26.601807299959702,32.710108513664075,0.07647740809667279
서초구,서초3동,11220530.0,4,2,2,4789.812634809019,834.6144267056744,42.28402560649498,62.086129948749694,0.16602264858357735
양천구,신월2동,11150580.0,3,2,1,8038.959827475123,1895.8384772654176,34.100645688766946,37.44104693242659,0.11433363359563131
중구,동화동,11020730.0,3,2,1,7707.549214442323,1818.1546048744403,53.99445391727394,71.85246524423923,0.15749265936274817
은평구,대조동,11120580.0,3,2,1,8031.252580980414,1749.8957867479605,23.139644863035386,31.44981916713217,0.10835366196283343
강북구,미아동,11090700.0,3,2,1,6508.174939074945,1639.8877814190587,55.48560547395798,93.02155847179675,0.25763926160623446
양천구,목2동,11150520.0,3,2,1,8724.749946248772,1609.8863697840743,61.35686010904609,94.05177690264027,0.2781760724838187
강동구,천호2동,11250730.0,3,2,1,7734.490959874153,1595.5802287813842,26.592595417168127,28.05208905364441,0.08114787857421586
중구,중림동,11020680.0,3,2,1,8317.226777402515,1574.5780176200526,70.80362408433642,79.42424233549926,0.2721220362369325
관악구,서원동,11210640.0,3,2,1,9758.98609311294,1556.802368626434,101.79285651758666,107.43198587317151,0.4742489471110279
동대문구,장안1동,11060870.0,3,2,1,7154.754820207486,1509.6912027972164,20.084845076845472,21.014491638652487,0.0718620334670766
노원구,상계8동,11110720.0,3,2,1,8589.902073468278,1447.6625531211187,21.61820569041244,24.264488802383823,0.07507573557023887
송파구,잠실3동,11240800.0,3,2,1,6717.230697695101,1343.5654791818788,19.48306609029221,21.876069531595988,0.07204167568009906
강동구,상일1동,11250760.0,3,2,1,8463.688027556944,1291.2139504647942,46.47201385059301,58.126363968091496,0.16497358252819458
강서구,가양2동,11160650.0,2,2,0,5528.534162364307,2107.3021453623824,18.720627576220167,20.799215047502067,0.08551420281549493
강서구,가양3동,11160660.0,2,2,0,5982.921495602162,1837.4894471053883,22.34373983123379,23.636641045016642,0.08310578096101148
중구,약수동,11020710.0,2,2,0,6534.5635080980965,1770.2315855283946,103.41893543043471,111.7594888123506,0.31898796568236865
도봉구,창2동,11100600.0,2,2,0,7105.733758415092,1681.9287131259302,17.51852462661911,19.326277036276142,0.09283091257179246
성동구,왕십리2동,11040520.0,2,2,0,8587.934195241582,1659.4554344107462,28.057728263498404,30.402869000570615,0.14944284533251873
구로구,개봉3동,11170650.0,2,2,0,6144.642230353972,1642.9507543689604,35.040456856177286,40.640343411601194,0.15149553004271438
관악구,삼성동,11210820.0,2,2,0,5197.880832757743,1610.1110402822242,83.15455356658526,107.62871115639946,0.2661761304960054
중랑구,신내2동,11070700.0,2,2,0,6205.628198668462,1539.646173599272,29.05143320037179,32.90456031322533,0.12319311661440417
중랑구,면목7동,11070570.0,2,2,0,5953.57466569244,1482.9942970772822,56.526586218679824,62.70827291558495,0.27244000572689975
성동구,금호2·3가동,11040720.0,2,2,0,7268.342872702551,1480.3238893326284,75.63188980228273,75.92568519008563,0.3558621120989866
은평구,역촌동,11120740.0,2,2,0,6390.167632579289,1473.7141167143768,18.532657268258433,19.105161033083217,0.09267616709126947
강북구,수유2동,11090640.0,2,2,0,5049.7720564377305,1464.825773279736,19.96197350702866,22.188646500950647,0.07729032587988394
강서구,화곡3동,11160580.0,2,2,0,6047.17445265677,1450.745833781694,34.70964357700312,45.46848245444521,0.1387764068773024
종로구,창신3동,11010690.0,2,2,0,5859.48351788863,1370.6162875628856,66.93956038962008,73.09030570117862,0.23582179408586468
강서구,화곡8동,11160630.0,2,2,0,5999.487563251872,1360.5552220579557,47.05867763394781,69.0137007288773,0.23764512430196322
서대문구,북가좌2동,11130720.0,2,2,0,5910.882984816031,1339.6971222469729,64.7941229936327,66.20650003467917,0.234568729562348
서대문구,홍제2동,11130650.0,2,2,0,5436.099327870644,1304.7156950580418,87.97637570450294,92.31613503724674,0.27334361542256363
은평구,구산동,11120570.0,2,2,0,5462.800381739744,1296.4937575325027,72.87141773838424,78.86567149539569,0.3556152940777729
노원구,중계4동,11110640.0,2,2,0,5294.512813675008,1278.703445253108,34.33373432000235,39.83089920479706,0.10721611359949154
관악구,인헌동,11210620.0,2,2,0,6873.445329954875,1241.550246923277,89.61181651950064,135.50573446550518,0.2870720137581355
중랑구,묵2동,11070650.0,2,2,0,5122.989422780354,1233.6319690921487,19.586752305914473,21.85397476184748,0.0802049051677195
중랑구,망우3동,11070680.0,2,2,0,4750.363762673539,1227.7309289775812,33.025607733707375,37.52463852389906,0.105980128292388
광진구,자양3동,11050660.0,2,2,0,6327.557512621899,1213.347165174484,27.69202808166432,35.24776613215912,0.09083995228053621
도봉구,창5동,11100630.0,2,2,0,5190.928331269231,1198.5367179105056,16.008716321720485,17.124015559694246,0.07653258395514378
동작구,상도2동,11200540.0,2,2,0,6424.120770025403,1171.1301937889166,49.121705055374136,61.82555754246352,0.20072527889290143
동대문구,이문2동,11060900.0,2,2,0,5218.876147177797,1160.7377059904386,24.12451015188674,25.542956408131545,0.07079890957779779
서대문구,천연동,11130520.0,2,2,0,5178.1377766991245,1141.5354592493045,103.72771078017624,134.46362943457837,0.4553389412350515
노원구,공릉1동,11110790.0,2,2,0,5166.780241319659,1129.7089363495934,22.45980496467594,29.03439311353783,0.11261807640407957
강북구,수유3동,11090650.0,2,2,0,4665.379498963293,1079.4292834067537,19.26725285047408,22.7715654662276,0.07469067296380208
관악구,행운동,11210570.0,2,2,0,6306.042313528271,1068.8958434729504,91.38113547647265,114.9216899066201,0.38377417217381327
중구,황학동,11020670.0,2,2,0,6159.496848181534,1061.7250224613722,21.075760386184285,21.28454118141286,0.09657218415124874
노원구,상계10동,11110740.0,2,2,0,5689.187335535011,1052.0406399249205,27.33943345735358,30.735823559896875,0.08229584811811277
관악구,신원동,11210650.0,2,2,0,5128.841783997174,1046.391075071635,50.33323082251924,64.38919619668211,0.18826314089585677
성북구,종암동,11080840.0,2,2,0,5026.230440974261,1020.6806460680746,33.680047461468774,39.04869504866278,0.1811085399265532
강서구,방화1동,11160700.0,2,2,0,4745.310102548436,963.3407162178444,27.50798896325759,31.749099917470467,0.09356868184813685
서초구,반포2동,11220580.0,2,2,0,6515.007364797236,963.1902902084047,23.458618722046182,25.564842855659034,0.09150596453637164
마포구,아현동,11140780.0,2,2,0,6815.19389891926,945.5532154278682,64.96437556962564,82.12633336371887,0.1994172309124078
송파구,삼전동,11240640.0,2,2,0,5584.955831626552,927.076290983988,26.74855531667569,32.879385398552486,0.08600553989974372
성동구,행당1동,11040560.0,2,2,0,4880.575722694895,799.7714462902096,17.993964348369076,20.81592137183672,0.08591683022189808
관악구,신림동,11210690.0,2,2,0,7407.842887063489,666.3876665433672,17.26612263571768,21.60146040629406,0.07814877422582713
강남구,대치4동,11230630.0,2,2,0,3798.8557837531744,480.2984203293738,24.216190374460595,28.813668933628954,0.09847150500002842
은평구,응암3동,11120730.0,3,1,2,7113.666844759062,1894.1267094732443,32.617001333870995,41.46748007396086,0.1379712649642045
강북구,삼양동,11090690.0,3,1,2,7688.155058831256,1828.870514064245,89.35570606772671,115.03235306625882,0.3417792180806583
은평구,녹번동,11120510.0,3,1,2,7143.995536627159,1695.6526134282635,123.16717054773784,133.73885651975843,0.4601177547077195
성동구,응봉동,11040580.0,3,1,2,8277.096432165783,1579.5556902462786,113.3535663236728,164.7090543567691,0.4688920524363225
양천구,신정2동,11150650.0,3,1,2,8385.532092762587,1413.3426369488088,30.25158840013078,32.03423748479359,0.11924390753927376
송파구,석촌동,11240630.0,3,1,2,7955.432660917788,1412.0551851121957,25.40526766572547,34.4763329535769,0.08507491662484085
강서구,화곡6동,11160610.0,3,1,2,7155.087103527713,1368.421675549566,48.58317773358031,64.40826150889521,0.17054882718474826
서대문구,북가좌1동,11130710.0,3,1,2,7027.283208791225,1349.9660927630007,40.14477122348637,46.88263686059813,0.12899007868025744
강남구,대치2동,11230790.0,3,1,2,5569.824691295631,874.9003585489959,31.15228614463973,32.904919630049974,0.09840454054359098
강남구,청담동,11230780.0,3,1,2,3954.633941291712,715.9325424827543,70.50591569688301,102.8987250765788,0.23105444212979906
강남구,논현1동,11230520.0,3,1,2,3708.3666215287894,554.3016186504329,57.86869125222605,87.05113528224416,0.1642206180299813
금천구,시흥5동,11180610.0,2,1,1,4841.204899820799,1367.3899919263165,175.0398416238753,274.66417986712287,0.5074051624773931
송파구,거여1동,11240530.0,2,1,1,5407.077983867335,1341.3751869888656,39.506237408893526,41.618288723804675,0.12411185521673247
성북구,정릉1동,11080620.0,2,1,1,6557.9157983801215,1268.5499333642942,112.95354719707844,121.61787530939054,0.48126341738880973
양천구,신월4동,11150600.0,2,1,1,5114.992881303249,1257.3382417449595,34.21387569271636,34.7631464344594,0.10922699163362204
금천구,독산2동,11180530.0,2,1,1,5068.611941192033,1207.5042388341788,47.6216071112521,59.37181853665233,0.15328204631708067
구로구,고척2동,11170620.0,2,1,1,4970.498790961976,1197.4044333517807,52.64707761956697,66.17539288270204,0.22124450763886322
종로구,창신2동,11010680.0,2,1,1,4887.099535132362,1192.5727377907747,111.17119487425973,152.39314992017643,0.4319518169018564
성북구,장위1동,11080760.0,2,1,1,5671.381262580092,1176.4263685568362,42.979588810690345,55.91518124152254,0.16581161246830248
중구,신당5동,11020650.0,2,1,1,5808.884541508756,1157.4941193749135,125.92818892982083,146.5384819303341,0.3898785711495806
관악구,미성동,11210830.0,2,1,1,4663.160407590963,1085.6939768445004,67.9248594987075,97.97507448773281,0.22038318389543932
강서구,화곡4동,11160590.0,2,1,1,4575.79901559821,1083.8114827404738,30.607756192881695,32.347609519039985,0.10235547197744137
은평구,갈현2동,11120560.0,2,1,1,4703.766598728838,1075.0929512392852,83.88929607654806,107.09286481166701,0.3559531581157907
서대문구,홍제1동,11130620.0,2,1,1,4679.144610499437,1057.621058163424,71.99190960288371,83.44978836063639,0.22634210368992683
영등포구,도림동,11190750.0,2,1,1,5108.148369797641,1052.4329742944126,24.006737869294426,28.148352035758176,0.09685500824195634
노원구,상계2동,11110660.0,2,1,1,4674.7092602088715,1039.1345881590025,19.470258922779834,22.81004323853901,0.08738424689005071
성동구,왕십리도선동,11040710.0,2,1,1,5720.706478184803,989.9196616031093,26.188828805602455,32.249843160295576,0.11331418361490003
송파구,가락2동,11240670.0,2,1,1,5514.453323169797,957.0457562828079,29.301120899605337,32.33177333514362,0.10176583913702772
동대문구,전농1동,11060830.0,2,1,1,4497.718785176244,891.6810072960448,33.19535453353268,33.27802436721007,0.11050792591030263
동작구,흑석동,11200710.0,2,1,1,4950.598156886566,878.969245859816,87.14012731429459,130.3205474938158,0.3744573614969687
송파구,장지동,11240810.0,2,1,1,4929.8951753529145,873.9818947584026,26.374192205751115,30.317604161665667,0.10333289509078339
강서구,염창동,11160510.0,2,1,1,6383.947287994419,868.4779624106591,29.04945051664015,32.168451920432496,0.09459097202243597
관악구,조원동,11210720.0,2,1,1,4891.600008387363,840.7415565548049,32.90874490937091,42.02786028017387,0.11374768175944897
서초구,방배4동,11220650.0,2,1,1,4569.031296564922,826.2681682471447,42.91078422123067,64.96380287754914,0.13760227521148433
용산구,후암동,11030510.0,2,1,1,3952.1031840314627,819.4701163809962,136.79660601330446,140.48913911294326,0.417258503470282
강남구,일원본동,11230720.0,2,1,1,4516.052706630393,791.1494803584862,31.205838142152075,32.693103014961984,0.1147716683791904
동작구,노량진1동,11200720.0,2,1,1,3985.5458305964135,778.0181832314952,72.3581519036866,99.52949536477081,0.24333010754267548
강동구,암사2동,11250580.0,2,1,1,3601.1543692694563,730.9858065648071,24.358664722366868,26.92900421191433,0.08548683308071901
광진구,구의2동,11050610.0,2,1,1,3838.3636584579745,716.9983773674547,59.00265056047694,85.44432840562659,0.17557841532142482
강남구,삼성2동,11230590.0,2,1,1,5089.7318405670485,700.5899560040943,38.22264320234389,55.25279550702574,0.14740119430252818
강동구,고덕2동,11250560.0,2,1,1,4071.7971018604035,615.71715501506,35.12060475271778,37.99486310596767,0.10274035812502286
강남구,대치1동,11230600.0,2,1,1,4719.528249437857,584.7852440164808,23.448938950316148,24.684131553516075,0.08378593987029068
강남구,압구정동,11230770.0,2,1,1,2396.280663777018,519.6235847975255,33.06000201112755,37.80038199189765,0.10396006157006928
강서구,발산1동,11160670.0,2,1,1,2774.5828878958855,481.2973006231703,48.57157013097998,67.44985454620922,0.13485770576289124
강동구,둔촌1동,11250700.0,1,1,0,7698.544675594461,1125.4114361701359,14.088205874784336,14.088205874784336,0.1002370020075095
금천구,시흥4동,11180600.0,1,1,0,3342.2777799409887,907.4227923212352,56.16233596419636,56.16233596419636,0.2405518198255589
구로구,개봉2동,11170640.0,1,1,0,3520.268219394816,899.1700563641513,14.252895513687292,14.252895513687292,0.06570434485160416
관악구,청림동,11210540.0,1,1,0,3773.77892508662,819.11993383562,91.71511671442784,91.71511671442784,0.4647983225066181
도봉구,방학3동,11100570.0,1,1,0,3217.22068906469,807.3944456389795,28.994591218470987,28.994591218470987,0.0889549290897602
송파구,마천1동,11240550.0,1,1,0,2827.489045981208,790.5522752132897,27.355284948965846,27.355284948965846,0.12324612147544327
송파구,마천2동,11240560.0,1,1,0,2662.4443950665873,779.3928067860442,40.01057240442617,40.01057240442617,0.15714985628293326
성동구,금호1가동,11040590.0,1,1,0,3547.7358886862194,760.2112106756452,56.21345255169825,56.21345255169825,0.22483685203479972
구로구,구로4동,11170550.0,1,1,0,2948.5774185078635,748.099499671254,19.178378541143985,19.178378541143985,0.08491033997852171
노원구,월계2동,11110520.0,1,1,0,2744.903770856542,741.067700691064,24.942879791539553,24.942879791539553,0.10521339521090459
관악구,남현동,11210630.0,1,1,0,3766.9470148747814,724.8635855568373,31.125238873604275,31.125238873604275,0.14217319571249437
노원구,상계9동,11110730.0,1,1,0,3242.761881630652,720.6326761478696,31.738895122102804,31.738895122102804,0.08832907330143593
동작구,사당4동,11200660.0,1,1,0,3038.801309241591,706.7443062428728,49.94849724230454,49.94849724230454,0.12691352042262138
동작구,상도3동,11200550.0,1,1,0,3191.659658110743,706.6294583615486,40.84959912786286,40.84959912786286,0.2111403579284121
성북구,돈암1동,11080580.0,1,1,0,2903.4800131608154,703.4404052185262,90.22107725559698,90.22107725559698,0.2598205986354013
관악구,은천동,11210780.0,1,1,0,3298.4707136386933,698.5033215127164,37.85818827131794,37.85818827131794,0.21636168931736846
양천구,신월7동,11150630.0,1,1,0,2458.5288525235587,694.6565988577945,43.731617001356256,43.731617001356256,0.18567947623634506
관악구,난향동,11210710.0,1,1,0,3066.778232583778,691.7916086277481,68.5089742948382,68.5089742948382,0.2497594818391269
도봉구,쌍문3동,11100530.0,1,1,0,2733.512279776695,679.5926170082689,44.1683682520308,44.1683682520308,0.18671001097631873
노원구,월계3동,11110530.0,1,1,0,2665.6074223944875,674.3230341784663,39.09895772608456,39.09895772608456,0.10967965043228967
도봉구,쌍문2동,11100520.0,1,1,0,2504.0404019441703,666.3824130997956,28.5034982533314,28.5034982533314,0.13451149816103553
동작구,사당3동,11200650.0,1,1,0,2848.8811782844587,650.7728162012061,25.75670311953735,25.75670311953735,0.09702210514053315
도봉구,도봉2동,11100650.0,1,1,0,2066.6779178009097,641.9532633330965,30.257825712911824,30.257825712911824,0.07849901911573963
성북구,정릉4동,11080650.0,1,1,0,2709.524826814466,640.1896644134686,63.93725281554933,63.93725281554933,0.4020277938058332
은평구,응암2동,11120600.0,1,1,0,3622.458845478743,620.1677356070433,41.09603307135376,41.09603307135376,0.18845221192248748
강서구,등촌1동,11160520.0,1,1,0,2759.6132864749625,606.4093464944469,17.397189468792646,17.397189468792646,0.07154506280346763
강동구,둔촌2동,11250710.0,1,1,0,2821.500059909261,593.2677814122178,26.054629377417086,26.054629377417086,0.1241392211644892
성북구,길음2동,11080680.0,1,1,0,3532.513400718569,575.9371830795968,44.270817724886115,44.270817724886115,0.1513384018465694
성북구,장위2동,11080770.0,1,1,0,2392.073130234748,566.3039249800127,28.756903982330357,28.756903982330357,0.09497418738774675
양천구,신월6동,11150620.0,1,1,0,3250.1832490427305,565.7421754647422,38.03393395897035,38.03393395897035,0.1080671383440457
서대문구,남가좌2동,11130700.0,1,1,0,3043.910330564283,558.3396619351362,63.8125469248896,63.8125469248896,0.1960342236322557
서대문구,북아현동,11130740.0,1,1,0,3408.182586035929,557.4879288088879,65.38474464912574,65.38474464912574,0.34251357024024
동대문구,답십리1동,11060910.0,1,1,0,3235.033620506867,557.0797967443233,17.434527306042412,17.434527306042412,0.07318469335369648
강북구,송중동,11090710.0,1,1,0,2095.788107737666,552.6336152820262,20.286622094434676,20.286622094434676,0.07572283083949594
광진구,중곡2동,11050560.0,1,1,0,2690.9114700072546,543.6494580386312,23.93267876389791,23.93267876389791,0.07720152757573563
중구,다산동,11020700.0,1,1,0,2267.2900749334876,542.0574075744107,68.76597187351297,68.76597187351297,0.17398343619169404
강동구,명일2동,11250540.0,1,1,0,2857.299730877208,539.6055410677893,33.561064754645884,33.561064754645884,0.1143134020360081
동대문구,장안2동,11060880.0,1,1,0,2808.659129886503,538.963935502305,15.848134700214644,15.848134700214644,0.06171652645357212
강동구,성내3동,11250670.0,1,1,0,2507.7866759691237,538.8292159944607,19.222081382314798,19.222081382314798,0.07152816836532667
관악구,신사동,11210680.0,1,1,0,3112.3351215700523,538.7916332451284,32.83836054982538,32.83836054982538,0.12107418864617049
도봉구,창4동,11100620.0,1,1,0,2486.6389720087877,536.3669269533336,21.43586404535904,21.43586404535904,0.09075986846116682
송파구,문정1동,11240680.0,1,1,0,2756.8961562663176,530.574044318567,47.91669345335322,47.91669345335322,0.15759771926226934
도봉구,방학1동,11100550.0,1,1,0,2044.1989986509102,505.3625126798959,26.215407938923533,26.215407938923533,0.08809178892281039
성북구,월곡2동,11080720.0,1,1,0,2217.7527835348765,503.61964921585394,48.0538641064818,48.0538641064818,0.1692605097532052
양천구,목4동,11150540.0,1,1,0,2997.24672278589,495.2289569202466,42.03484106105344,42.03484106105344,0.12262192370914476
광진구,구의1동,11050600.0,1,1,0,3006.04052916689,493.0394676073929,19.225645487099143,19.225645487099143,0.08150236011931061
강남구,개포1동,11230680.0,1,1,0,2894.5727173938003,491.80921844728437,26.195424044678646,26.195424044678646,0.0997699163441917
영등포구,신길1동,11190630.0,1,1,0,2336.0546614063933,474.7176916294591,27.742671028990685,27.742671028990685,0.09016071865471248
노원구,중계1동,11110610.0,1,1,0,3911.669914772821,463.572608246326,21.865356157540646,21.865356157540646,0.08420088908718708
양천구,신정6동,11150690.0,1,1,0,2663.3417778818166,440.59286549556856,21.911866761684905,21.911866761684905,0.06492198471513105
송파구,송파2동,11240620.0,1,1,0,2348.858695286925,430.86413108578154,36.19010511905651,36.19010511905651,0.10031310189431811
서대문구,남가좌1동,11130690.0,1,1,0,2784.8057127097986,427.86310124500295,24.528548479012215,24.528548479012215,0.09024074474352062
마포구,신수동,11140630.0,1,1,0,2511.3175605615347,426.5734850211107,24.873495438048963,24.873495438048963,0.08414010283651016
동작구,신대방2동,11200700.0,1,1,0,2445.475328186446,426.43208505282126,78.28819780792003,78.28819780792003,0.2865313269413072
서대문구,충현동,11130730.0,1,1,0,2250.713705381718,410.6257638390645,156.18919551116142,156.18919551116142,0.5842735344771216
송파구,잠실4동,11240750.0,1,1,0,2542.6044087116625,408.19374453204637,32.09453555499579,32.09453555499579,0.08891041108894576
송파구,가락1동,11240660.0,1,1,0,2381.8468328237846,403.09255706297654,24.186783410091266,24.186783410091266,0.07369778315379936
서초구,잠원동,11220550.0,1,1,0,2741.1250626078477,401.3424387693211,26.13618706215459,26.13618706215459,0.08286308815072586
구로구,구로1동,11170520.0,1,1,0,2295.502182491137,393.48882978556287,16.51446674503603,16.51446674503603,0.08056433752885461
송파구,문정2동,11240690.0,1,1,0,1999.7724312920539,361.06323421524496,19.920572222729106,19.920572222729106,0.09030589406040555
서초구,반포3동,11220590.0,1,1,0,2464.504519923546,352.0263376558135,28.212643555440536,28.212643555440536,0.08173224167658387
구로구,구로3동,11170540.0,1,1,0,1900.4125272648917,327.3946022160653,27.896616972788365,27.896616972788365,0.10134605981211962
노원구,공릉2동,11110560.0,1,1,0,1640.5844769525922,291.4873375629341,24.275766069209,24.275766069209,0.11566659292753752
서초구,반포4동,11220600.0,1,1,0,1763.0447445313816,289.9940201504902,18.435805492605112,18.435805492605112,0.0791824276132574
성동구,성수1가2동,11040660.0,1,1,0,1559.804465396542,276.1554445136859,22.943630018656165,22.943630018656165,0.08442867772402927
서초구,서초2동,11220520.0,1,1,0,2038.1667562779583,275.2656849918844,15.730052382595318,15.730052382595318,0.0846013631225705
송파구,잠실6동,11240770.0,1,1,0,1344.0175924732569,274.88497248515404,26.5265289812142,26.5265289812142,0.07963680022951242
마포구,서교동,11140660.0,1,1,0,1117.5892601602454,155.40289202815026,33.360277249495084,33.360277249495084,0.10863686717480592
금천구,가산동,11180510.0,1,1,0,1056.310853956567,130.94919269536916,12.942730571898522,12.942730571898522,0.06695691153453731
종로구,종로1·2·3·4가동,11010610.0,1,1,0,366.8512159564725,80.7855018912028,18.143475060569642,18.143475060569642,0.09754255401997214
성북구,동선동,11080830.0,4,0,4,8250.621868729817,1379.2192245346187,57.6931791652823,64.30031587921842,0.1924822639134113
중랑구,신내1동,11070690.0,3,0,3,6407.936265489161,1485.8805987504827,49.59362030266656,66.42482653076857,0.15775740015446824
강남구,도곡1동,11230660.0,3,0,3,6293.480356954387,1044.8891710999467,33.83287979840899,43.44114633859622,0.11351589538822525
서초구,양재1동,11220660.0,3,0,3,4550.6024032395935,942.5620477062685,46.64586812636128,68.1783735194692,0.1412649853064767
용산구,청파동,11030710.0,3,0,3,5002.050458376949,916.4660668198937,83.9386967413306,108.30319920458228,0.2677723450463125
성북구,정릉2동,11080630.0,2,0,2,4681.989962915175,1107.0708863331201,98.55662920994806,119.01763190867771,0.3173262169719256
양천구,신정4동,11150720.0,2,0,2,4903.627166767015,1105.2571992264766,28.506182180009148,29.19038036883463,0.10223683886691223
강북구,인수동,11090750.0,2,0,2,3811.24630408509,1092.1116740712941,92.2917886832596,134.90589284586187,0.29191209386707434
동대문구,전농2동,11060840.0,2,0,2,4615.232064551232,1079.011139658256,43.3912726118656,45.38524842601621,0.16007539307574575
서대문구,홍제3동,11130640.0,2,0,2,4145.392818813449,1027.2780497368433,112.02084762926728,117.39964718828641,0.39643703820798015
강북구,송천동,11090720.0,2,0,2,3546.744666341237,1022.7982029017073,36.69870882993271,42.796681081709906,0.12058465145559456
구로구,고척1동,11170610.0,2,0,2,4697.044865418984,961.7131459031509,86.90950774305817,102.21649232495083,0.3037135642581147
노원구,월계1동,11110510.0,2,0,2,4092.2398035085425,956.1227496786767,97.4372886222628,117.51379379086495,0.3228484182812623
노원구,하계1동,11110580.0,2,0,2,4400.621545305887,911.7332645672867,48.4580426389781,57.22819589029998,0.13713729529911148
서초구,방배1동,11220620.0,2,0,2,4228.511878266461,873.8358792403719,87.23791515151598,90.55396937905773,0.30329208663375107
서초구,방배2동,11220630.0,2,0,2,4094.9492185705685,867.5043315801495,44.656102562347144,50.8532642255053,0.15495937587556502
은평구,증산동,11120670.0,2,0,2,3934.808542222116,852.3425533310157,30.934074284279745,33.01400305881373,0.1015293595839378
중랑구,망우본동,11070730.0,2,0,2,3904.315816492969,845.0267355044441,60.14102896696323,65.76471204510895,0.16025915895494974
광진구,자양4동,11050670.0,2,0,2,4190.356779538475,828.2351722782288,26.771059428815278,27.84921175157992,0.07432064691838713
마포구,용강동,11140590.0,2,0,2,4862.248454174589,766.3027447749575,42.23294847722585,51.8222010219688,0.11673090401069816
동작구,대방동,11200680.0,2,0,2,4151.35453602579,724.4593852050732,52.24468525167258,65.6979274059295,0.19140026534869106
동대문구,용신동,11060810.0,2,0,2,3892.381911382983,702.4993316499258,42.488059307082494,43.792169774291416,0.12091002370632278
송파구,위례동,11240820.0,2,0,2,4867.055657813943,588.9539195270108,51.50424567956185,69.00482401752558,0.17447204111834683
광진구,화양동,11050530.0,2,0,2,4698.572556668388,421.72862058401597,37.93314747526151,41.1524418807259,0.11704306018824999
중랑구,면목3·8동,11070720.0,1,0,1,2466.977889909697,620.9622715390057,70.79087976654932,70.79087976654932,0.21731469783960222
도봉구,방학2동,11100560.0,1,0,1,2066.5286002559487,607.5418553959013,30.929583913595764,30.929583913595764,0.10962387714305151
강북구,우이동,11090740.0,1,0,1,2015.8676073007257,582.9498633494793,45.07154920225213,45.07154920225213,0.1239429944436655
중랑구,면목4동,11070540.0,1,0,1,2359.56992113769,582.3230740002798,33.87268329630655,33.87268329630655,0.10814784584902215
중랑구,중화2동,11070620.0,1,0,1,2354.752006409954,563.504491873176,24.15789082825836,24.15789082825836,0.07285984861552783
강남구,수서동,11230750.0,1,0,1,1403.552714099978,560.410593677151,30.235098602562346,30.235098602562346,0.09169386213083464
영등포구,대림1동,11190700.0,1,0,1,2287.0313801180505,555.2116246539823,36.83856632059013,36.83856632059013,0.12285686175226243
송파구,풍납1동,11240510.0,1,0,1,2043.0524026517996,545.8739295426706,31.384290355114615,31.384290355114615,0.08863399248018075
도봉구,창3동,11100610.0,1,0,1,2034.9528066536907,544.9636519684364,32.64748458562582,32.64748458562582,0.11884672748274291
양천구,신정3동,11150660.0,1,0,1,2350.651107637029,541.2922907556401,52.394190979469386,52.394190979469386,0.15200218622748757
은평구,신사2동,11120660.0,1,0,1,2233.5398135035625,539.9753634692634,152.90649640894028,152.90649640894028,0.753832626711739
영등포구,대림3동,11190720.0,1,0,1,2256.641495082453,533.0191567822715,24.94704666088893,24.94704666088893,0.08493067984831446
강서구,등촌3동,11160540.0,1,0,1,1991.0808496391696,531.6505931792949,24.33874655035345,24.33874655035345,0.07328130443927619
마포구,도화동,11140750.0,1,0,1,2606.738324614884,528.70241817704,55.940432714986116,55.940432714986116,0.16403507138895326
강북구,수유1동,11090630.0,1,0,1,1991.53237503905,521.7804792220165,104.70376626521369,104.70376626521369,0.3005086143549404
금천구,시흥1동,11180570.0,1,0,1,2226.0797775389874,510.5582262518523,56.45584499615822,56.45584499615822,0.2244070728653213
금천구,독산3동,11180540.0,1,0,1,2153.5947016147666,496.15978425668163,27.08230919516876,27.08230919516876,0.08254649065058738
송파구,잠실7동,11240780.0,1,0,1,1850.3983555583798,484.3922890085908,25.747488861539182,25.747488861539182,0.07476628964233542
구로구,구로5동,11170560.0,1,0,1,2393.4472381300743,479.8348540799459,40.986300578676776,40.986300578676776,0.14335587932500976
금천구,독산1동,11180520.0,1,0,1,2473.132745484962,477.4714815971403,26.54023787621253,26.54023787621253,0.094643175774934
강북구,번1동,11090600.0,1,0,1,2107.06874510083,470.67310016220756,29.126826348852262,29.126826348852262,0.09520381100206299
양천구,신월3동,11150590.0,1,0,1,1781.3939345899807,470.5836102143958,56.474457377641954,56.474457377641954,0.19372184192382477
성동구,옥수동,11040730.0,1,0,1,2338.8507892659222,445.9964437847065,92.42250305941536,92.42250305941536,0.2999268942107725
용산구,이촌1동,11030630.0,1,0,1,2369.5294524034166,444.79412875003294,19.734599316882907,19.734599316882907,0.07037289912541243
중랑구,면목5동,11070550.0,1,0,1,2177.522305090842,432.99523070595023,19.47917600882306,19.47917600882306,0.07057120110091096
종로구,숭인2동,11010710.0,1,0,1,2293.2852260670443,423.97275179604304,172.47591532870229,172.47591532870229,0.5223091820281299
서대문구,홍은2동,11130680.0,1,0,1,1926.0817040277655,411.4238494131053,135.70578457213963,135.70578457213963,0.3655042014316149
강동구,강일동,11250750.0,1,0,1,2010.2368123077117,403.40461447945677,51.65676413829999,51.65676413829999,0.12938237193739596
영등포구,신길6동,11190680.0,1,0,1,2301.5923878293297,401.637668160179,29.41680436072022,29.41680436072022,0.09522589949101334
강남구,개포4동,11230710.0,1,0,1,2252.6921352840354,397.30069779962264,27.392117413017218,27.392117413017218,0.07132081738165783
성북구,삼선동,11080820.0,1,0,1,1943.7184481785569,389.1961421148075,91.47844045903224,91.47844045903224,0.2390203387486738
영등포구,당산1동,11190550.0,1,0,1,2186.5055870648953,374.2804361254286,28.65685951300634,28.65685951300634,0.08112914248184351
마포구,성산2동,11140730.0,1,0,1,1964.4219968390576,361.56132050198784,18.7869638031234,18.7869638031234,0.06694844832239646
은평구,진관동,11120710.0,1,0,1,1828.175867430487,345.87019566107534,25.33862971315608,25.33862971315608,0.07387072780393161
노원구,중계본동,11110600.0,1,0,1,2552.659153118111,337.5587119081765,181.5386916962097,181.5386916962097,0.48425666378560306
동대문구,이문1동,11060890.0,1,0,1,2594.381328985797,331.36408680287093,54.11171418555341,54.11171418555341,0.17448142604092523
마포구,성산1동,11140720.0,1,0,1,1790.9991088865224,322.5273573097781,96.9558417441146,96.9558417441146,0.3003176145870207
광진구,군자동,11050540.0,1,0,1,1870.9649043764487,313.85147314734223,30.485282921869896,30.485282921869896,0.08333001916635209
마포구,서강동,11140760.0,1,0,1,2003.5194060358394,306.48534711682294,124.86819798523624,124.86819798523624,0.41412958407968026
강남구,세곡동,11230760.0,1,0,1,1594.1204344516757,284.3078929827804,105.24671801395294,105.24671801395294,0.269178672863538
동대문구,회기동,11060710.0,1,0,1,2078.6716306184912,276.1535213013465,62.65375334800109,62.65375334800109,0.16918322704441555
마포구,연남동,11140710.0,1,0,1,1585.3135862231566,257.1779791318808,27.942893881130516,27.942893881130516,0.11784903220607265
강서구,방화2동,11160710.0,1,0,1,726.4535830609105,185.57792935261824,38.84100023815557,38.84100023815557,0.10061142173806689
용산구,한강로동,11030730.0,1,0,1,1034.4346708292737,163.2307184786292,27.30687525769372,27.30687525769372,0.07095994927186584
종로구,사직동,11010530.0,1,0,1,740.9465245038117,161.09471577632783,23.296951123763904,23.296951123763904,0.07322075949842385
강남구,삼성1동,11230580.0,1,0,1,680.4244400805484,140.16586505004145,26.509674118554813,26.509674118554813,0.09004570522132754
강서구,가양1동,11160751.0,1,0,1,1062.0395879432854,131.3585978060089,18.827581539783807,18.827581539783807,0.0698659501137652
중구,을지로동,11020600.0,1,0,1,465.58846613372555,79.31878062805916,43.40065669223617,43.40065669223617,0.1571755431905469
